matrix,accepted,planned,median_factorize_s,min_factorize_s,max_factorize_s,median_gflops,max_residual,refinement_iterations,forward_check
CoupCons3D,3,3,3.644263029,3.638661385,3.687428713,245.56,3.051444e-16,0,SUCCESS
dielFilterV3real,3,3,11.52604556,11.52406621,13.24481773,167.79,6.131891e-15,0,FAILED
inline_1,3,3,5.495206118,5.480337858,5.520380497,46.49,6.708896e-16,0,FAILED
audikw_1,3,3,8.843788385,8.809132814,8.9190557,1290.0,6.706022e-16,0,FAILED
nd6k,3,3,0.4444885254,0.4422695637,0.4451415539,517.59,8.838137e-16,0,FAILED
xenon2,3,3,2.439302444,2.423392534,2.445873737,41.94,2.91332e-16,0,SUCCESS
radiation,3,3,2.649307013,2.641683817,2.65049386,214.43,3.3436e-16,0,FAILED
dgreen,3,3,13.79606676,13.65669346,13.82558084,207.56,8.71528e-16,0,FAILED
pwtk,3,3,2.30689168,2.304778814,2.316509485,18.54,3.950336e-16,0,FAILED
cage12,3,3,2.260776758,2.252075672,2.261178493,1510.0,5.165004e-16,0,SUCCESS
