n,implementation,kernel_launches,kernel_busy_ms,unique_kernels,roi_ms,roi_hip_calls
64,cdls,1,0.024557,1,0.064209,5
64,rocsolver,2,0.075435,2,0.123599,7
512,cdls,4,0.367562,2,0.414085,7
512,rocsolver,96,0.721783,15,2.001919,351
2048,cdls,4,1.663308,2,1.706147,7
2048,rocsolver,486,4.003038,31,9.681663,1749
4096,cdls,4,4.504866,2,4.570958,7
4096,rocsolver,994,9.150486,41,18.946618,3569
4096,static,4,6.6332830000000005,2,6.690317,7
8192,cdls,36,18.23235,7,18.292664,71
8192,rocsolver,2010,26.370133000000006,54,42.809352,7209
8192,static,4,27.687043,2,27.744525,7
32768,cdls,228,623.329299,10,623.410037,455
32768,rocsolver,8106,601.2034579999998,67,617.246184,29049
