phase,method,reference,matrix,n,lda,offset,validated,trials,samples_per_impl,cdls_ms,roc_ms,speedup,time_saved_pct,trial_speedup_min,trial_speedup_max,cdls_gflops,roc_gflops,workspace_bytes,roc_workspace_bytes,cdls_p05_ms,cdls_p95_ms,cdls_cv_pct,roc_p05_ms,roc_p95_ms,roc_cv_pct,cdls_submit_ms,roc_submit_ms,cdls_wall_ms,roc_wall_ms,wall_speedup,paired_speedup_p50,cdls_first_cdls_ms,cdls_first_roc_ms,rocsolver_first_cdls_ms,rocsolver_first_roc_ms,max_L_rel,max_U_rel,max_cdls_residual_scaled,max_roc_residual_scaled
boundary,auto,npvt,dense,7,7,0,True,3,90,0.008093,0.0140015,1.7300753737798098,42.199050101774816,1.5707314336997982,2.1357338951669536,0.02508340541208452,0.014498446595007678,12,0,0.00636945,0.012733,28.406293047258778,0.01036045,0.02049154945,28.28836859584832,0.0029795,0.0094595,0.0180775,0.024017,1.3285575992255567,1.7346363630808788,0.008293,0.015423,0.008092,0.014543,2.8092e-17,0.0,0.059726,0.05972
boundary,auto,npvt,dense,15,15,0,True,3,90,0.009635000000000001,0.014903,1.546756616502335,35.34858753271153,1.4365334717176956,1.8560000000000003,0.22158796056045663,0.14325974635979333,12,0,0.009014,0.012561,13.646886436806136,0.01181045,0.022089549449999996,22.5258449006233,0.002624,0.008818,0.0179725,0.024137,1.342996244262067,1.5315715853942353,0.010336,0.015823999,0.009454,0.013861,3.7362e-17,2.2981e-18,0.040113,0.040207
boundary,auto,npvt,dense,17,17,0,True,3,90,0.010916499999999999,0.015002999999999999,1.3743415930014198,27.237885756182102,1.3232768732698355,1.3797392348601818,0.286538725782073,0.20849163500633208,12,0,0.010335,0.013546999999999998,10.02885667872847,0.012593449999999999,0.020695551,19.22764485113831,0.0028694999999999997,0.0076215,0.019354999999999997,0.023546,1.216533195556704,1.3545815628732505,0.010857,0.016305,0.010896,0.013981,3.4503e-17,4.4064e-18,0.04722,0.04723
boundary,auto,npvt,dense,31,31,0,True,3,90,0.014302,0.033391000500000004,2.3347084673472245,57.168099829773,2.0507677419354837,2.3986064578694064,1.354705635575444,0.5802461654301134,12,0,0.013679,0.0199729999,14.522273086584947,0.030303999,0.04042000055,9.555703332464288,0.002954,0.0085275,0.023195,0.043261,1.865100237120069,2.279183090604515,0.014302,0.034853,0.014262,0.031888001,3.1001e-17,2.2186e-18,0.029037,0.029039
boundary,auto,npvt,dense,33,33,0,True,3,90,0.015964501,0.037677499,2.3600799674227217,57.628554379365795,2.2692791384074353,2.3600799674227217,1.4662531575524973,0.6212726593131884,12,0,0.015562000000000001,0.0183519999,6.750834363574824,0.03503155,0.0417959999,6.2801869019444885,0.0029795000000000004,0.008042,0.024822999999999998,0.046647,1.879184627160295,2.298310651914938,0.016104,0.03898,0.016024999,0.036416002,3.2333e-17,1.6514e-18,0.027589,0.027588
boundary,auto,npvt,dense,63,63,0,True,3,90,0.026841,0.07924150299999999,2.9522559889720945,66.12759856410094,2.895769779592142,2.9522559889720945,6.136246786632391,2.07849414466558,12,0,0.026361,0.0288445499,3.072217981120373,0.07599244975,0.08923845165000001,5.31391734678148,0.0029595000000000003,0.007722,0.0354245,0.087449,2.468602238563706,2.9195318682661013,0.026841,0.080082998,0.026881,0.077799,3.1103e-17,1.2159e-18,0.020393,0.020394
boundary,auto,npvt,dense,65,65,0,True,3,90,0.062115499500000004,0.102717001,1.6536452548369187,39.5275378999821,1.6364703284836866,1.8170439387837292,2.9132825374768174,1.761733678342108,24,100608,0.059584999550000003,0.07535354865,9.497210555152181,0.09481745255,0.13209054985000002,12.134232770054082,0.010376,0.096708,0.0714195,0.11344399999999999,1.5884177290515895,1.6555322360178208,0.061655,0.099353001,0.064138003,0.118781999,1.1613e-16,3.1004e-16,0.025662,0.011092
boundary,auto,npvt,dense,127,127,0,True,3,90,0.081564501,0.183120005,2.2450944069405883,55.45844322142739,2.1458844761399325,2.31481497874477,16.64330662673949,7.413187870981108,24,259328,0.0797979988,0.09040910245,4.308255953756179,0.168366246,0.21610095255,9.007007546703102,0.0100655,0.15654,0.0900125,0.1894005,2.1041577558672406,2.188447360931148,0.081524998,0.174748003,0.081765004,0.197661996,1.7165e-16,4.215e-16,0.014725,0.0061187
boundary,auto,npvt,dense,129,129,0,True,3,90,0.1086265,0.2053745015,1.8906482442129682,47.10808829400859,1.8148656543292843,1.9196749814819265,13.09794571306265,6.927753881851784,44,265472,0.10465800089999999,0.11600555089999999,3.53497693902892,0.18282590475000002,0.23310910255,8.395367305161692,0.011147,0.1731055,0.117545,0.211069,1.7956442213620316,1.833572283748596,0.108406,0.190933004,0.108566999,0.221980006,2.0622e-16,5.3352e-16,0.018029,0.0077731
boundary,auto,npvt,dense,255,255,0,True,3,90,0.1726244985,0.3660614935,2.1205651380936525,52.842759600444026,2.119045798751017,2.1644269151123594,63.84780315523987,30.108862023751758,72,781568,0.1685744507,0.1857505439,3.007692905085298,0.35345945075,0.41934255505,6.312858774084776,0.00978,0.29929300000000003,0.18263000000000001,0.375971,2.0586486338498604,2.1409883523176187,0.174066007,0.359189987,0.171984002,0.397569001,2.396e-16,5.655e-16,0.0096654,0.0035473
boundary,auto,npvt,dense,257,257,0,True,3,90,0.1984039995,0.3985109925,2.0085834635606727,50.21366957650484,1.9101561870909902,2.071314828855222,56.87046646456338,28.31371834743053,108,791808,0.19411100255,0.20884155100000001,2.5817413306264263,0.3703400047,0.46366809315,8.39274022675182,0.0105565,0.33992599999999995,0.210037,0.406964,1.9375824259535224,1.9987475417308171,0.200306997,0.377819002,0.199025005,0.436107993,2.7724e-16,7.3967e-16,0.012399,0.0043666
boundary,auto,npvt,dense,511,511,0,True,3,90,0.3685044945,0.7824789885,2.1233906239371523,52.90550929598539,2.1066487155151914,2.1585555992308825,241.04068288371988,113.51688199356678,264,2612480,0.35757645089999995,0.38209955695,2.035680778290461,0.7431408941000001,0.94059554935,8.96877678668341,0.0096195,0.6276565000000001,0.378635,0.7891395,2.084169450790339,2.124617583652677,0.366041005,0.75307399,0.369125992,0.893490016,3.5193e-16,7.8618e-16,0.0066249,0.0021674
boundary,auto,npvt,dense,513,513,0,True,3,90,0.4125320015,1.0461429955,2.5359074973484206,60.56638497083928,2.4792912338462543,2.6143649359718726,217.85492440154366,85.90807221057383,332,2630912,0.3932584525,0.4415844992,3.7945588037335334,0.9966554496,1.19964804055,6.6823133445611305,0.0099755,0.775528,0.426313,1.0406149999999998,2.440964737176675,2.5616975348201363,0.414074987,1.006301999,0.411671013,1.125123978,4.0546e-16,1.0286e-15,0.0091961,0.002728
boundary,auto,npvt,dense,767,767,0,True,3,90,0.6298449935,1.543004513,2.449816270548795,59.18061235767753,2.4421634560783803,2.449816270548795,477.12930340217116,194.76125991084513,584,3673280,0.5854773673,0.6589130998,4.083857635757684,1.4343019011,1.7161721824,6.829857096840442,0.009184000000000001,1.183293,0.6459845,1.5178004999999999,2.3495927533864975,2.4716691331536107,0.620351017,1.451905012,0.630086005,1.644320011,3.907e-16,8.2674e-16,0.0048525,0.0011483
boundary,auto,npvt,dense,769,769,0,True,3,90,0.6538220050000001,1.518266499,2.3221404103705563,56.93628190896411,2.2989498059185083,2.3769335514178147,463.2381010180285,199.48754991267182,684,3681536,0.60757089845,0.68947265475,3.9753215234557784,1.4225578666,1.74137064225,7.557366960983272,0.009034,1.2049215,0.6739824999999999,1.5263795,2.2647168138638616,2.3678668358437127,0.643666983,1.438323975,0.66505897,1.645802021,3.9528e-16,8.1741e-16,0.0047417,0.0011691
boundary,auto,npvt,dense,895,895,0,True,3,90,0.7401739955,1.7896019815,2.417812558101415,58.64030085172322,2.285234995127575,2.439532506752722,645.1783741435158,266.8438345155017,792,4198592,0.6988429127,0.783899194,3.4021343024788724,1.6653163609500001,1.99411001195,6.893055070896285,0.009249,1.2781435,0.754421,1.713145,2.2708076790015124,2.3803457218672976,0.731800973,1.68906796,0.743498981,1.919862986,3.9719e-16,7.8066e-16,0.0039745,0.00087287
boundary,auto,npvt,dense,896,896,0,True,3,90,0.6508570015,1.70182848,2.6147502079225924,61.755428990117736,2.5659603186519737,2.692119748211697,736.1789131802095,281.54846721098477,792,4202688,0.6349469928,0.6950010779000001,2.7916258654156603,1.6046664239,1.92800958755,7.06824063457094,0.009234,1.315611,0.663572,1.6901700000000002,2.5470785385760704,2.5833768285908603,0.649276018,1.616237044,0.651238024,1.835412979,3.9929e-16,7.809e-16,0.0039085,0.00085734
boundary,auto,npvt,dense,897,897,0,True,3,90,0.6941840054999999,1.7423900365,2.5099829766965156,60.159092341090755,2.507739540300907,2.522447177011485,692.545094947452,275.9162517743197,908,4206848,0.6757832292,0.7140245557,1.974033527135941,1.6551380154,1.92588124825,5.879465146076536,0.009835,1.3545305,0.70821,1.746321,2.465823696361249,2.5268767845417752,0.687093019,1.676128983,0.695986986,1.866418958,3.9633e-16,7.6848e-16,0.0038758,0.00088675
boundary,auto,npvt,dense,1023,1023,0,True,3,90,0.770260513,2.2159160375,2.8768397186420485,65.23963453646876,2.8503791490766313,2.9114513403597,925.9326305358717,321.8575663203575,1032,4723904,0.7537829966,0.7971936854499999,2.02651078906795,2.1009191990500002,2.41140912795,5.8289933479313545,0.0088435,1.6446555,0.7836609999999999,2.2221754999999996,2.8356336477124673,2.892284096817458,0.761807978,2.117885113,0.774868011,2.374798059,4.9104e-16,1.1211e-15,0.0048718,0.0010996
boundary,auto,npvt,dense,1025,1025,0,True,3,90,0.7952990234999999,2.172229528,2.7313368479195677,63.387891875669226,2.7313368479195677,2.7378352801288077,902.0526604481618,330.26049538168326,1164,4732160,0.78285597865,0.8189246625500001,1.7066562245620749,2.05470042195,2.43344309305,7.120466453399305,0.009039,1.6355065,0.8109975,2.1774415,2.68489298672314,2.7530481262712643,0.795499027,2.065325022,0.797222018,2.364063025,5.843e-16,1.4573e-15,0.0063776,0.0013866
boundary,auto,npvt,dense,2047,2047,0,True,3,90,1.7578129765,4.592694044,2.6127319034500256,61.72588551165417,2.576192636384372,2.6394695567008637,3251.8494170986683,1244.616568888951,4104,8926400,1.70502033805,1.8169805884,2.5955834557437143,4.24241898075,4.9891155957999995,6.002334086802126,0.0133955,3.157584,1.7762715,4.5676545,2.5714844267894854,2.6223807938006116,1.734537959,4.382063866,1.776842952,4.899767876,6.956e-16,1.6442e-15,0.0035988,0.00057619
boundary,auto,npvt,dense,2049,2049,0,True,3,90,1.8192279935,4.520352602,2.4847642066585207,59.754732568979364,2.450550101290506,2.5682681717436937,3151.2906818075526,1268.245362422283,4364,8934656,1.7601970136,1.85080553315,1.6173708599993122,4.284790682750001,5.0716794012,6.744595708634447,0.013491,3.2625235,1.821676,4.424383499999999,2.4287433659992224,2.465234168967199,1.789101005,4.307220936,1.821431041,4.909724236,8.1718e-16,2.0405e-15,0.0043786,0.0011701
boundary,auto,npvt,dense,2559,2559,0,True,3,90,2.3882790805000003,5.7245879175,2.3969509946473777,58.280331878578394,2.387578293165223,2.399142931319579,4676.352110684578,1950.9585807667002,6408,11027648,2.3286224842,2.44935687775,1.7541686718853806,5.40441055295,6.08742902295,3.9438535490232427,0.013035,4.0657705,2.4028869999999998,5.716950000000001,2.379200520041101,2.415162501821177,2.36213994,5.569786072,2.408049107,5.945959091,7.9246e-16,1.8396e-15,0.0031693,0.00079183
boundary,auto,npvt,dense,2561,2561,0,True,3,90,2.513592005,5.7194824215,2.275421949991443,56.05210717055091,2.261402470515717,2.296460825192671,4453.643701019013,1957.2825607293457,6732,11035904,2.4357963681,2.59548066845,2.0890034874660977,5.48440635165,6.1520951747499995,4.80474770833854,0.0137065,4.162624,2.5251095,5.723982,2.2668252604491013,2.280944999445828,2.494020939,5.51908493,2.521823883,6.067686081,8e-16,1.8826e-15,0.0032378,0.0007748
boundary,auto,npvt,dense,3071,3071,0,True,3,90,3.1106865404999997,6.974335432,2.24205664608012,55.3980938997085,2.193397093131957,2.281734392345365,6205.629633096103,2767.829101885388,9224,13128896,3.02891744365,3.2819478272500002,2.5151754823124515,6.8722885367,7.366192316899999,2.2805359207475933,0.013571,4.8476075,3.154564,6.97673,2.21163051375721,2.2363242077241834,3.141772985,6.92916584,3.121984005,7.078025818,7.9134e-16,1.7127e-15,0.0024184,0.0006993
boundary,auto,npvt,dense,3073,3073,0,True,3,90,3.2081359625,6.8457603455000005,2.1338747564069305,53.136893484609935,2.1326893740603765,2.175194335524219,6028.893848042452,2825.3269457079327,9612,13137152,3.065577209,3.32989884615,2.4404478133168017,6.74768204685,7.42769560855,2.9899653704225173,0.013075,4.8739835,3.226024,6.8661575,2.128365288044974,2.1622604561343963,3.182435989,6.806941986,3.219573021,7.048542023,7.8114e-16,1.6688e-15,0.0023628,0.00069257
boundary,auto,npvt,dense,4095,4095,0,True,3,90,4.7786018850000005,9.719376564000001,2.0339372891700935,50.83427570138952,2.0209579356912672,2.0573637970329295,9578.335704984136,4709.258125107868,16392,17331392,4.64831800505,4.89920716295,1.7673637322882205,9.58917274455,9.970485115099999,1.520465709843015,0.008708500000000001,6.435212,4.817969,9.707347,2.014821390507079,2.045167650906704,4.702207088,9.684678078,4.820746899,9.729652405,9.9376e-16,2.3141e-15,0.0025608,0.0006537
boundary,auto,npvt,dense,4097,4097,0,True,3,90,4.983376026,9.610537052,1.9285193414782462,48.14674768916337,1.9176431074600127,1.9390193922000303,9198.21291607265,4769.572551459115,16908,17339648,4.82453961375,5.12251040895,1.8946949604900867,9.4982559205,10.03604187965,1.769845402569313,0.1070885,6.169524,5.0521715,9.6125025,1.9026477030718374,1.9389293962970886,4.916924,9.53351593,5.062516212,9.741635323,9.7489e-16,2.5546e-15,0.0029066,0.00086063
boundary,auto,npvt,dense,8191,8191,0,True,3,90,19.373866081,27.632807732,1.4262929049096487,29.88817398181287,1.424012439074824,1.4270288542950573,18908.777703086675,13257.289325353888,65544,34141376,19.20140504815,19.7414759636,0.8965885474167148,27.24300107955,28.207782173000002,1.2497884837738527,0.5176085,10.6666425,19.525855,27.796373000000003,1.4235675211149525,1.424140103338471,19.317935944,27.394399643,19.476348877,28.052179337,6.2888e-16,1.745e-15,0.0010001,0.00031715
boundary,auto,npvt,dense,8193,8193,0,True,3,90,19.939300537,27.6953516005,1.3889831064589062,28.004883907521773,1.3850687972245963,1.3955806495673937,18386.028404944143,13237.042494935558,66572,34149632,19.6487866405,20.319139957650002,1.0145877248316877,27.31768865585,28.411755371199998,1.450541294321422,0.5899085,9.838104999999999,20.03171,27.825588500000002,1.3890770433477722,1.394139211433024,19.861768723,27.478740692,20.043035507,28.234920502,6.5345e-16,1.9751e-15,0.00114,0.00039529
input,auto,npvt,column_scaled,64,64,0,True,3,60,0.026861,0.0809440015,3.013439615055285,66.81532973138225,2.9925728193291388,3.0411487263787285,6.429544693049403,2.133623206161855,12,0,0.02644,0.0288460009,4.031733204303978,0.07814595270000001,0.08545474704999997,4.542173927761842,0.002834,0.007606,0.035463999999999996,0.089427,2.521627565982405,3.0075520371222777,0.026760999,0.0814649985,0.027362000499999997,0.0797820015,3.4656e-17,1.2776e-18,0.018726,0.018727
input,auto,npvt,column_scaled,512,512,0,True,3,60,0.42186599999999996,0.7735245225,1.8335787252350275,45.46184539353115,1.831750723845686,1.8977257837796837,211.7907771662092,115.50678149314909,264,2626752,0.4143400465,0.44323505785,1.9949393730762246,0.72833995245,0.91082967235,8.585282339013911,0.00979,0.647582,0.431501,0.780961,1.8098706607864177,1.8140417158487476,0.42030300200000004,0.736147493,0.4222064915,0.8582339885,3.6401e-16,8.1618e-16,0.0071848,0.0021869
input,auto,npvt,column_scaled,2048,2048,0,True,3,60,1.960482478,4.2463834285,2.1659889726900174,53.83171324468632,2.111247492182709,2.2225079975950695,2919.957526904252,1348.0943641545207,4104,8930496,1.89842164505,2.0427651286,2.447999822947823,4.0485463854,4.7948242901,6.278016815758429,0.013606,3.1332245,1.9736984999999998,4.1832075,2.119476454990466,2.15707304222435,1.9252684709999999,4.0709803104999995,2.004209995,4.488433838000001,7.2122e-16,1.6319e-15,0.0034412,0.00097803
input,auto,npvt,column_scaled,8192,8192,0,True,3,60,19.086923599499997,26.428232193,1.3846250316469186,27.778280968200676,1.380496590120487,1.3951492503382699,19200.07266847341,13866.622536526162,65544,34145472,18.83311748465,19.3939604755,0.9223898399688973,26.0526796342,26.8668359758,1.0153561523095775,0.5176775,10.3715505,19.1281235,26.520436,1.3864630265483175,1.3851060171732144,18.989889145,26.1844301225,19.190963745,26.6644439695,6.3318e-16,1.6386e-15,0.0009382,0.00031313
input,auto,npvt,column_scaled,16384,16384,0,True,3,60,105.1438179015,112.541404724,1.0703568404699757,6.573213512521969,1.0696188944890157,1.0715912206512392,27884.633119282735,26051.71664716887,262152,67765440,103.88919487035,106.0007331846,0.6302804896620741,111.10212631249999,113.96594314555,0.839705500701693,1.304548,57.414225,105.279972,112.747301,1.0709282958395923,1.0704209501956776,104.838066101,111.9452705385,105.320415497,112.912914276,4.9313e-16,1.2931e-15,0.00037948,0.00015771
input,auto,npvt,identity,64,64,0,True,3,60,0.026861,0.081444502,3.0320725959569637,67.01925932336108,2.985064170526198,3.045493391906482,6.429544693049403,2.1205114619032233,12,0,0.02643805,0.027964999049999998,2.0966293915118017,0.07843200295,0.08948245089999998,7.364457147922203,0.002754,0.008122500000000001,0.035589499999999996,0.09009800000000001,2.5315893732702066,2.9999824793623064,0.026820999499999998,0.0827469975,0.027000999,0.08018249999999999,0.0,0.0,0.0,0.0
input,auto,npvt,identity,512,512,0,True,3,60,0.365319505,0.7926940025,2.169864985719829,53.91418329798705,2.097626770490504,2.2330150366802894,244.57311141927667,112.71351583109777,264,2626752,0.35329093965,0.3853505063,2.808520709991222,0.727074027,0.9156727762,9.51450707396787,0.010005,0.659655,0.37659200000000004,0.7955485,2.112494423673365,2.141987073643671,0.36770351199999995,0.7330625055,0.36399750399999997,0.8825320005,0.0,0.0,0.0,0.0
input,auto,npvt,identity,2048,2048,0,True,3,60,1.7171295285000001,4.3455755709999995,2.530720891391391,60.48556743647065,2.495223223342292,2.578021644711836,3333.7762079024196,1317.3227514905875,4104,8930496,1.66020646695,1.76160332565,1.7296824703362732,3.9792687293999998,4.82623953845,8.24125497648975,0.0140065,3.264981,1.72373,4.309956,2.50036606661136,2.5316028858694555,1.6913300155,4.0280284885,1.7278665305,4.7245759965,0.0,0.0,0.0,0.0
input,auto,npvt,identity,8192,8192,0,True,3,60,14.6496009825,21.410932541,1.4615369092016155,31.578874696618943,1.449112978697832,1.4739724720932343,25015.720261990416,17116.037305999747,65544,34145472,14.44088306405,15.023397064549998,1.2352431903947731,21.08818159135,21.79658937495,1.2784850491100075,0.5223705,9.7295425,14.782447000000001,21.537093,1.4569369333778093,1.4581855110781876,14.6077570915,21.116389275000003,14.667093277,21.6427526475,0.0,0.0,0.0,0.0
input,auto,npvt,identity,16384,16384,0,True,3,60,65.876419067,72.0159950255,1.0931983863946173,8.52529491028493,1.0904248891727388,1.0964193322966151,44506.01335755814,40711.74446601551,262152,67765440,65.3616241457,66.70008201595,0.7086625170315214,70.61850166369999,73.21015739425,1.079534281038231,1.3227004999999998,34.089694,66.178685,72.165193,1.0904597605709452,1.091942407089201,65.63541030900001,71.5249214175,66.3088417055,72.7271842955,0.0,0.0,0.0,0.0
input,auto,npvt,known_lu,64,64,0,True,3,60,0.0268415,0.08092400050000001,3.0148836875733473,66.83122456359533,2.9947686556843407,3.061865295189911,6.434215673490677,2.1341505478340754,12,0,0.02636,0.028629050899999998,3.071487184180319,0.07767300105,0.08705854999999998,4.976166894534854,0.0026490000000000003,0.0083225,0.0355295,0.0896875,2.5243107839963974,3.0083243850234864,0.026760999,0.08238599799999999,0.0273820005,0.079241,1.5304e-16,5.7626e-17,0.019442,0.019528
input,auto,npvt,known_lu,512,512,0,True,3,60,0.367062002,0.7704200145,2.098882505686328,52.35559888222504,2.0892246945244963,2.1592580434675437,243.41208709475737,115.97223114457394,264,2626752,0.35539985585,0.3870931417,2.6788170797601274,0.7295288209999999,0.92050802395,9.328719516866766,0.00995,0.6268405,0.376997,0.7759290000000001,2.0581834868712483,2.1025715252166632,0.368244499,0.7343850135000001,0.36561951000000004,0.8679495155,5.5628e-15,1.3923e-15,0.0059313,0.0026865
input,auto,npvt,random,64,64,0,True,3,60,0.026841,0.080022499,2.9813531165008755,66.45818321669759,2.9664133787861853,3.0014880584799672,6.43433553146306,2.158193035186267,12,0,0.026356999949999998,0.02810705005,2.3518886087798023,0.077399001,0.08431674989999997,4.417461509399827,0.002684,0.007146,0.035234,0.088335,2.507095419197366,2.9882008866527863,0.026741,0.080603499,0.027341999999999998,0.079401501,6.088e-12,9.5128e-11,17.31,16.954
input,auto,npvt,random,512,512,0,True,3,60,0.366061002,0.8132055105,2.221502716916018,54.98542529859062,2.115376640680701,2.221502716916018,244.07770156297607,109.87053929954894,264,2626752,0.35422096259999997,0.38001015465,2.360111016680151,0.7315186295,0.9306810767999999,10.095262431236776,0.009129,0.643045,0.3750645,0.7859389999999999,2.095476911304589,2.1544939764405138,0.36233449,0.7366684975,0.36574000149999997,0.9041839835000001,3.8982e-09,5.6484e-09,12.398,11.036
input,auto,npvt,random,2048,2048,0,False,3,60,1.719173491,4.325404644,2.5159791415141126,60.254042511727604,2.5000171568940694,2.5540694266673056,3329.812609354619,1323.465904153221,4104,8930496,1.67466865735,1.7693175197,2.046195593897039,4.0540306567,4.7801540848999995,7.114632535970105,0.014326499999999999,3.278552,1.7419635,4.331574,2.4866043404468576,2.519300475191916,1.6980804805,4.074129343,1.7448329925000001,4.6661214829999995,0.012025,0.018815,142.89,31391000.0
input,auto,npvt,scale_high,65,65,0,True,3,60,0.0731719995,0.111410502,1.5225838129515648,34.32217054367101,1.438333346211699,1.5902052806415383,2.4730771502287565,1.624263393050684,24,100608,0.069426,0.08643204825,6.685033436945918,0.09617995104999999,0.1266864035,10.41850483536084,0.009895000000000001,0.1047855,0.08166,0.11899299999999999,1.4571760960078373,1.476175128906986,0.07128899899999999,0.1002934985,0.07495500150000001,0.121306002,1.1644e-16,3.1004e-16,0.025662,0.011092
input,auto,npvt,scale_high,2048,2048,0,True,3,60,1.9714394805,4.276694536,2.169325803962969,53.90272875687094,2.1153097989325644,2.2567843902931313,2903.7287852976015,1338.5397343234522,4104,8930496,1.89571360385,2.0342329022,2.567644228782533,4.0442658187,4.86680562505,6.887486345604446,0.012509,3.1024675,1.9868635000000001,4.195005500000001,2.1113707610009445,2.148262607205784,1.9153940079999998,4.077074051,1.9963579775,4.5584571359999995,8.1245e-16,2.0337e-15,0.0043742,0.0012203
input,auto,npvt,scale_low,65,65,0,True,3,60,0.0748745015,0.108305998,1.446500421775763,30.867631633845438,1.3226204183979893,1.56353037418619,2.4168441375199006,1.670821591986069,24,100608,0.06933600285000001,0.08905610269999999,7.9691332339176695,0.09408090005000001,0.13356225154999998,12.424997569993032,0.011062,0.09530050000000001,0.0837785,0.11558650000000001,1.3796678145347554,1.417891282321671,0.073072001,0.1013949995,0.076396499,0.1169589985,1.1644e-16,3.9808e-194,0.025662,0.011092
input,auto,npvt,scale_low,2048,2048,0,True,3,60,1.956556976,4.3263864514999995,2.2112243622697343,54.77618567056942,2.1788748177231425,2.2270999086407386,2925.815929829585,1323.1655637270342,4104,8930496,1.89130417705,2.03878867635,2.4629113828372335,3.9614837171,4.7207639451,6.8115485781940155,0.013445499999999999,3.2358215,1.9772435,4.295329000000001,2.172382410158385,2.1912253524393344,1.9159544705,4.0720915795,1.983938515,4.637697697,8.1245e-16,4.5448e-191,0.0043742,0.0012203
input,auto,npvt,signed,64,64,0,True,3,60,0.026801000499999998,0.08038299900000001,2.9992536659219127,66.65837200226879,2.9812038158014347,3.0052384326691484,6.443938538787013,2.148514016004802,12,0,0.02611395,0.028068999999999997,2.6147954940569673,0.07737800204999999,0.08553754724999997,4.723809066673115,0.002739,0.007842,0.035585,0.088856,2.4970071659407056,3.0141399790998813,0.026681000500000003,0.08078350100000001,0.0270815,0.079682,2.7069e-17,1.3445e-18,0.02554,0.02554
input,auto,npvt,signed,512,512,0,True,3,60,0.36666150350000004,0.7864444850000001,2.1448787982728597,53.377318997920106,2.03547219217731,2.155475087636594,243.67796222708716,113.60919900150357,264,2626752,0.3531239418,0.3795312509,2.2822648468792903,0.72698096925,0.8897371738,8.306964936985706,0.009785,0.621738,0.376486,0.771111,2.0481797463916322,2.108001327263829,0.3655599955,0.7351860105,0.36752300000000004,0.860978484,4.1551e-16,1.0281e-15,0.0088658,0.0026407
input,auto,npvt,signed,2048,2048,0,True,3,60,1.7098790405000002,4.40363431,2.575406918089537,61.171184523267094,2.5171588974061314,2.5773695708648194,3347.9125905456117,1299.9548021052638,4104,8930496,1.6786705972,1.7596753181,1.5667577220424207,4.03818643105,4.8544886349,8.101583770954358,0.0138865,3.262852,1.732218,4.3698535,2.522692582573325,2.5451411512840485,1.695997477,4.0724275115,1.7342360019999998,4.774146557,8.27e-16,2.081e-15,0.0044649,0.0011972
input,auto,npvt,signed,8192,8192,0,True,3,60,18.6075048445,26.171829223499998,1.4065200811293008,28.902543702248764,1.4023370144169212,1.4122708419272005,19694.75881858073,14002.472543987942,65544,34145472,18.460643196200003,18.9235682492,0.7371656811855556,25.757605362299998,26.5617591857,1.1778621306567232,0.536246,10.287677500000001,18.744861,26.342799,1.4053344540671706,1.4009369883173068,18.601916313,25.8385391235,18.652258873,26.4293899535,7.2284e-16,2.1848e-15,0.0012355,0.0003928
input,auto,npvt,signed,16384,16384,0,True,3,60,103.014923096,110.596801758,1.0735998089804368,6.855423069638233,1.0711705037355415,1.0785760827774116,28460.893808674246,26509.77912868915,262152,67765440,101.81238937405,104.63444671605001,0.8559591412673724,109.2929447178,111.92425270070001,0.7272342581690753,1.277637,56.585504,103.36689799999999,110.9348395,1.0732143621065227,1.0737912759297967,102.64683532699999,110.3489494325,103.44027328499999,111.13667678850001,5.6674e-16,1.6922e-15,0.00049351,0.00020353
offset,auto,npvt,dense,64,64,1,True,3,90,0.026800999,0.08160500200000001,3.044849261029412,67.15765168414553,3.0044821273680262,3.090571708679931,6.443938899441771,2.1163408586155046,12,0,0.026458000000000002,0.02788255055,1.645807141717272,0.07871644875,0.08999010145,4.525822539098715,0.002654,0.007577,0.035359,0.09039900000000001,2.5566051076105096,3.0367981148611753,0.026841,0.083126999,0.026800999,0.080403,2.5493e-17,1.2316e-18,0.024209,0.024209
offset,auto,npvt,dense,512,512,1,True,3,90,0.37259051200000004,0.7890684905,2.1177900807629797,52.78096686335747,2.0243760359676446,2.169723748896751,239.80033071802964,113.23139762352478,264,2626752,0.359591007,0.3984303043,2.9484261341910054,0.7419729025,0.90969156315,7.697610684300922,0.00991,0.603269,0.3829865,0.773855,2.020580359882137,2.092443316446989,0.373091012,0.752471983,0.373291999,0.86095798,4.0826e-16,9.956e-16,0.0086935,0.0027223
offset,auto,npvt,dense,2048,2048,1,True,3,90,1.7601355315,4.3474390505,2.469945622195969,59.51327871295709,2.4530229992121493,2.4990850259848836,3252.3208954946317,1316.7580963191701,4104,8930496,1.7098851381,1.8115719556,1.802944054680917,4.1231764077,4.74281654375,5.675372783348665,0.014347,3.1719985,1.7721745,4.3344195,2.4458198106337723,2.4677311899599195,1.739464045,4.148744106,1.780045986,4.612955093,8.1213e-16,2.0337e-15,0.0043742,0.0012203
offset,auto,npvt,dense,8192,8192,1,True,3,90,19.349237442,27.000108719,1.395409447009669,28.336446184811383,1.390931405419143,1.3975879024204492,18939.781023748732,13572.920166433052,65544,34145472,19.1408668519,19.7560195921,0.8963007354359168,26.6780973434,27.4290863992,1.0495345061938357,0.470586,10.2141455,19.47806,27.1865325,1.3957515532861076,1.3933029877584668,19.294151306,26.778636932,19.443439484,27.341527939,7.2829e-16,2.1479e-15,0.0012306,0.00039221
padding,auto,npvt,dense,64,65,0,True,3,90,0.0268615,0.079402,2.9559778865662754,66.1702476008161,2.9417187396633984,2.969489264907698,6.429425013495151,2.1750585627566057,12,0,0.026441,0.02812699945,1.8552637853959977,0.077198997,0.0856355497,4.033226938769368,0.002564,0.0074915,0.035279000000000005,0.08815500000000001,2.4987953173275885,2.943158421092363,0.026842,0.080803998,0.026961001,0.07852,2.5493e-17,1.2316e-18,0.024209,0.024209
padding,auto,npvt,dense,64,81,0,True,3,90,0.0269215005,0.078961,2.933008878907028,65.90531971479592,2.930780195554107,2.9881671970729675,6.415095622177523,2.1872063423715504,12,0,0.026520450100000002,0.02798454955,1.779546305462644,0.07691000245,0.08535310119999999,4.2757187481973435,0.002654,0.008133,0.035625000000000004,0.089157,2.5026526315789472,2.957873794673719,0.026921,0.080764003,0.027000999,0.078119002,2.5493e-17,1.2316e-18,0.024209,0.024209
padding,auto,npvt,dense,64,192,0,True,3,90,0.026961001,0.0806634985,2.9918584439798805,66.57595876528961,2.9613885997778793,3.0415912574197717,6.4056968804682,2.141042766698248,12,0,0.026481001,0.02801099955,1.6334614063274426,0.0778969979,0.0887945521,4.396264221576841,0.002639,0.007782,0.0353845,0.089447,2.5278582430160097,2.9789924924641253,0.026922001,0.081886001,0.026961001,0.079081997,2.5493e-17,1.2316e-18,0.024209,0.024209
padding,auto,npvt,dense,512,513,0,True,3,90,0.3712895065,0.7911725045,2.1308776322769574,53.07097954135236,2.0001037047891903,2.144008632150423,240.64059564258116,112.93027436091846,264,2626752,0.35623999525,0.3894264505,2.4536194541405405,0.72970533375,0.9199291077,9.019331948084536,0.0102705,0.608437,0.3818195,0.761046,1.9932088329695052,2.071544854787376,0.370288014,0.738490999,0.372090012,0.866446972,4.0826e-16,9.956e-16,0.0086935,0.0027223
padding,auto,npvt,dense,512,529,0,True,3,90,0.36676199750000005,0.7881670000000001,2.1489876415017615,53.46646110532413,2.081166982713163,2.1771277535409874,243.61119365972476,113.3609095534322,264,2626752,0.35666644869999997,0.38182511069999997,2.1189993304816306,0.7286964419999999,0.8926090868,7.938929450103112,0.00972,0.6433005,0.3764615,0.790486,2.0997791274804993,2.1107732874608236,0.367202997,0.736006975,0.366441011,0.854349017,4.0826e-16,9.956e-16,0.0086935,0.0027223
padding,auto,npvt,dense,512,640,0,True,3,90,0.361133009,0.8113634885,2.2467164958050123,55.49060142358131,2.1510375713139043,2.2573635590868957,247.40836692665775,110.11997614679454,264,2626752,0.3513444377,0.3755835383,2.4685683166115293,0.72780843995,0.9510673102499999,10.78096841749116,0.009590000000000001,0.6513025,0.3711035,0.790351,2.1297320019886636,2.1670675896883926,0.360873014,0.737330019,0.361755013,0.90674901,4.0826e-16,9.956e-16,0.0086935,0.0027223
padding,auto,npvt,dense,2048,2049,0,True,3,90,1.744772553,4.326622009,2.4797627642415123,59.673561744690886,2.4712032869553906,2.486731743251344,3280.958058491421,1323.0935256401317,4104,8930496,1.6933816312,1.7967651543999998,1.8578678568050355,4.0434529547,4.7070346594500005,6.440934498765361,0.013885999999999999,3.2221115,1.7577075,4.3305445,2.463745816639003,2.482790616045703,1.729128957,4.093851089,1.768308997,4.648480892,8.1213e-16,2.0337e-15,0.0043742,0.0012203
padding,auto,npvt,dense,2048,2065,0,True,3,90,1.7869374754999998,4.2532644269999995,2.380197676368,57.98668278989651,2.350333871879416,2.4181397117942978,3203.539937175603,1345.9133957579359,4104,8930496,1.74212046855,1.8323185864,1.7223025234379974,4.0115567803,4.637774228750001,5.222779848482271,0.012995,3.0426155,1.7996365,4.206028,2.337154197528223,2.367640345022896,1.763661027,4.114633083,1.798393965,4.533394814,8.1213e-16,2.0337e-15,0.0043742,0.0012203
padding,auto,npvt,dense,2048,2176,0,True,3,90,1.747937977,4.2792840000000005,2.4481898421502173,59.15349443972403,2.4284068944759025,2.4563846126103135,3275.016415528112,1337.729762268641,4104,8930496,1.71079488965,1.80059407375,1.7140075886934067,4.02197227435,4.6441912415,6.131369784424836,0.013531,3.199547,1.7582385,4.2511175,2.4178275586616946,2.424284951111337,1.734616995,4.047979832,1.777722955,4.555098057,8.1213e-16,2.0337e-15,0.0043742,0.0012203
padding,auto,npvt,dense,4096,4097,0,True,3,90,4.7888751030000005,9.72151041,2.030019618575966,50.73939232658806,1.9962579900053554,2.030019618575966,9564.79219332858,4711.674757132724,16392,17335488,4.65252881045,4.88975701325,1.5018215623586875,9.4301383971,10.06147580145,2.3950667610971683,0.013506,6.2966359999999995,4.819859,9.566755,1.984862005299325,2.0201126246888803,4.738216877,9.528045654,4.829318047,9.916699409,1.1684e-15,2.9224e-15,0.0031381,0.00083217
padding,auto,npvt,dense,4096,4113,0,True,3,90,4.785950422,9.5114488605,1.9873688654980388,49.68221464265529,1.9751095227817594,1.995929904766573,9570.637211251913,4815.7326892879,16392,17335488,4.6476240399,4.8930326704,1.7557699255028139,9.2075704101,9.61665048575,1.344804750069709,0.012965,6.2755385,4.8074945,9.485611500000001,1.9730883727480086,1.9838159494691985,4.716384888,9.504858971,4.827795029,9.382435799,1.1684e-15,2.9224e-15,0.0031381,0.00083217
padding,auto,npvt,dense,4096,4224,0,True,3,90,4.7750546935,9.4316592215,1.9751939667494829,49.37206082875649,1.9619613123555615,1.9894538807966853,9592.475508678695,4856.472665550282,16392,17335488,4.64913156045,4.92274403535,1.83225168333247,9.30513014775,10.0206755638,2.6655331992860023,0.013691499999999999,6.4563105,4.8061419999999995,9.459802,1.9682735133502092,2.0018751516409825,4.719389915,9.393280029,4.825511932,9.817147255,1.1684e-15,2.9224e-15,0.0031381,0.00083217
padding,auto,npvt,dense,8192,8193,0,True,3,90,19.230998039,26.8659420015,1.397012362385796,28.418672094482,1.3882266163908479,1.397284818566927,19056.229915098895,13640.702421956355,65544,34145472,19.04090499875,19.691847324,1.0230022815571984,26.47060089075,27.36670446425,1.1286064481946976,0.5179585,10.492098,19.296534,26.8796105,1.39297609093944,1.393735298630983,19.205720901,26.635950089,19.312503815,27.192811966,7.2829e-16,2.1479e-15,0.0012306,0.00039221
padding,auto,npvt,dense,8192,8209,0,True,3,90,19.355993271,26.90670681,1.3900969293222896,28.062570393020902,1.387733978175343,1.3954376989294244,18933.170465452786,13620.036175954452,65544,34145472,19.09414300915,19.7659270287,1.0379861711624985,26.51893606195,27.386981773149998,1.1279574255757405,0.511814,10.316699499999999,19.429931000000003,26.876379,1.3832462400406875,1.3896607615788672,19.247581482,26.667743683,19.421508789,27.226423264,7.2829e-16,2.1479e-15,0.0012306,0.00039221
padding,auto,npvt,dense,8192,8320,0,True,3,90,18.730962753500002,26.2663793565,1.4022973459595374,28.688448075487226,1.3969732972693272,1.4087008914728392,19564.948419937602,13952.068351487947,65544,34145472,18.564341068250002,19.0712320327,0.79381591861194,25.8955664634,26.76173162455,1.120914920295527,0.5017795,9.941249,18.795273,26.355521,1.4022419892491051,1.4006126984062197,18.685171127,26.04536438,18.83155632,26.529905319,7.2829e-16,2.1479e-15,0.0012306,0.00039221
padding,auto,npvt,dense,16384,16385,0,True,3,90,108.151878357,115.11613845849999,1.064393334700222,6.049768689913659,1.0629504911109466,1.0676636885847146,27109.06950007897,25469.033501336264,262152,67765440,106.69409370405,109.45300064065,0.815411045953149,113.51789970405001,116.91684532155,0.8854152343419579,1.269575,58.7387915,108.3719835,115.3295605,1.0642008826940037,1.063985069297618,108.010574341,114.643829346,108.460220337,115.741500854,5.6795e-16,1.7038e-15,0.00049962,0.00020443
padding,auto,npvt,dense,16384,16401,0,True,3,90,108.4038200375,115.6265563965,1.0666280612297745,6.246606821215195,1.0635552820848213,1.0674860345643786,27046.065221039007,25356.603866071273,262152,67765440,106.9135604859,109.65318374674999,0.8245094737450162,113.574061203,117.29508743275,0.950434701944616,1.2848125000000001,59.007917,108.5326525,115.74256199999999,1.0664307868086058,1.065529180873307,107.947990417,115.242713928,108.666687012,115.993644714,5.6795e-16,1.7038e-15,0.00049962,0.00020443
padding,auto,npvt,dense,16384,16512,0,True,3,90,104.96584701500001,112.80146408050001,1.0746492053208532,6.946378869611269,1.072569482523315,1.0774167102215462,27931.911858197276,25991.655435001016,262152,67765440,103.68189430255,106.34066505405,0.8086114557463658,110.9855834964,113.9925579074,0.8297489865637041,1.2750025,57.3959635,105.16937949999999,112.90454249999999,1.0735495734288325,1.074104009041509,104.626281738,112.5182724,105.170265198,113.124977112,5.6795e-16,1.7038e-15,0.00049962,0.00020443
pivot,auto,pivot,dense,64,64,0,True,3,60,0.026760999,0.1506110055,5.628003853667795,82.23171081611297,5.602775347357848,5.657187835177603,6.453570735531958,1.1466891109760236,12,0,0.026398,0.027766049999999997,1.917169982246449,0.1478229988,0.15638059414999997,2.5042443469550126,0.0024590000000000002,0.007611,0.0353995,0.15949000000000002,4.505430867667623,5.627430506380476,0.026741,0.15127249799999998,0.0269815,0.1501300035,2.5493e-17,1.2316e-18,0.024209,0.024209
pivot,auto,pivot,dense,512,512,0,True,3,60,0.36666150399999997,1.954678476,5.3310163588921515,81.24185084647138,5.328123078709728,5.355870447933842,243.6779618947944,45.70947554650415,264,2628864,0.35236499435,0.41980619295,5.842393738340764,1.9407247066,1.9735939921999999,0.6594806420108046,0.009770000000000001,0.8852679999999999,0.3762575,1.962606,5.216124595523013,5.348575161548613,0.378078505,1.9678789975000002,0.3625954985,1.943921506,4.0826e-16,9.956e-16,0.0086935,0.0027223
pivot,auto,pivot,dense,2048,2048,0,True,3,60,1.7181155085,20.576002121000002,11.975913155550218,91.6499060488214,11.797087374640855,12.086616046816438,3331.863043945046,278.21369449401016,4104,8938752,1.6734430013000001,1.7704814787999998,2.4530368909765996,18.6869439125,22.071716785849997,6.334007369909882,0.012869499999999999,18.3927545,1.726739,20.3333515,11.775578996015032,11.714589193847793,1.6910734770000002,18.922533989,1.734315991,20.731214523,8.1311e-16,2.0478e-15,0.0043742,0.0011772
pivot,auto,pivot,dense,8192,8192,0,True,3,60,18.557625771,115.265014648,6.211194043374052,83.90003607974903,6.13065187889414,6.337193005005985,19747.694271358952,3179.37165277026,65544,34178304,18.34647779435,18.8125009534,0.8542274977712644,112.57596740685,125.8544422153,3.860193354124348,0.3624505,113.4224485,18.585396,116.157225,6.249919291469496,6.231843167043486,18.425826073,118.9792175295,18.7025442125,114.687335968,7.1539e-16,2.1336e-15,0.0012306,0.0003962
pivot,auto,pivot,dense,16384,16384,0,True,3,60,102.554069519,300.13644409150004,2.926616617938251,65.83085075542002,2.908960362448217,2.932679028627529,28588.790290772547,9768.546421674062,262152,67831040,101.72730064375,104.0701889041,0.6898421952898139,297.88443298314996,308.06971283,0.9936295044008113,0.7607465,298.465456,102.66318,300.0671555,2.9228312964784458,2.930111352754529,102.5879859925,300.33215332049997,102.690738678,299.8291778565,5.5115e-16,1.6844e-15,0.00049962,0.00020775
pivot,auto,pivot,dense,32768,32768,0,True,3,30,626.931854248,1113.869018555,1.7766987129583283,43.71583697863271,1.7759867898940112,1.801449065907952,37413.49402477395,21057.87196889328,1048584,135136512,619.3275207516,631.9566772461001,0.7120336768627332,1106.9677978518,1133.084124756,0.7870693120927721,1.4967365,1115.7877875,627.0578795,1118.164082,1.7831911830716418,1.7837616652469455,625.946228027,1117.945556641,627.917480469,1118.356201172,5.0177e-16,1.3754e-15,0.00021459,0.00010868
size,auto,npvt,dense,1,1,0,True,3,90,0.008253,0.012518999999999999,1.5169029443838602,34.076204169662105,1.4809250606257762,1.5169029443838604,0.0,0.0,12,0,0.00544445,0.013903549999999999,31.520318430132253,0.008205,0.01969255055,31.46370798434187,0.0030445,0.008353,0.018122,0.021322,1.1765809513298753,1.3458337446401853,0.008774,0.014702,0.007932,0.010657,0.0,0.0,0.0,0.0
size,auto,npvt,dense,2,2,0,True,3,90,0.0079125,0.0139215,1.759431279620853,43.16345221420106,1.694408237747654,1.759431279620853,0.00037914691943127966,0.00021549402004094386,12,0,0.00570645,0.013264,30.36445811412907,0.008503,0.020894001,31.65473330191286,0.003376,0.008668,0.017716999999999997,0.023791,1.3428345656713894,1.6036918124442159,0.008332,0.016906001,0.008453,0.011137,0.0,0.0,0.0,0.0
size,auto,npvt,dense,4,4,0,True,3,90,0.008673,0.0163049995,1.8799722702640378,46.80772605972787,1.558543417366947,2.0634813622500845,0.003920212152657673,0.0020852499872815082,12,0,0.006107,0.014784549999999999,31.01236176795756,0.00922845,0.028603001,33.56190885100778,0.003375,0.0094795,0.020266,0.0257395,1.2700828974637324,1.710696214148172,0.007452,0.016585,0.009454,0.015584,2.4037e-17,0.0,0.0,0.017307
size,auto,npvt,dense,8,8,0,True,3,90,0.0079525,0.0122385,1.5389500157183276,35.020631613351306,1.3404849637465825,1.6694175419451642,0.03872995913234832,0.0251664828206071,12,0,0.006446,0.012691549999999998,25.630359040997906,0.008685,0.021495199999999992,32.6816155112393,0.0030045000000000002,0.0075765,0.017827000000000003,0.0225145,1.262943849217479,1.502006340962284,0.007892,0.01322,0.007571,0.011177,3.8164e-17,4.8446e-18,0.0072478,0.0082852
size,auto,npvt,dense,16,16,0,True,3,90,0.0096345,0.015063,1.5634438735793241,36.0386377215694,1.5125855713533438,1.7151901499818358,0.2698635113394572,0.1726083781451238,12,0,0.009174,0.012455549999999998,15.20785527815463,0.012699,0.021501,17.87052523372326,0.0026690000000000004,0.007842,0.018017,0.023911500000000002,1.327163234722762,1.56686848238578,0.009575,0.016585,0.009575,0.014302,2.3785e-17,1.6723e-18,0.052688,0.052725
size,auto,npvt,dense,32,32,0,True,3,90,0.014182,0.0330909995,2.333309794105204,57.142424785325694,2.300716154799614,2.3466297556997486,1.503878155408264,0.6445257115911532,12,0,0.013781,0.01582799955,5.230136758382305,0.030945001,0.03778199955,6.540947220244316,0.002654,0.007771999999999999,0.022879999999999998,0.04224,1.8461538461538463,2.314017114148655,0.014222,0.034051999,0.014182,0.031888999,2.6683e-17,1.4259e-18,0.039941,0.039942
size,auto,npvt,dense,64,64,0,True,3,90,0.026800999,0.0820655005,3.0620314003966795,67.34194169692537,2.9977376687483637,3.0620314003966795,6.443938899441771,2.104465322794199,12,0,0.026418550000000002,0.03149254845,5.813531112902739,0.07881100020000001,0.08881210134999999,4.358797250325095,0.0027945,0.008584,0.035945,0.09149499999999999,2.545416608707748,3.0149610754837157,0.026800999,0.082686998,0.026921,0.081684999,2.5493e-17,1.2316e-18,0.024209,0.024209
size,auto,npvt,dense,128,128,0,True,3,90,0.081464503,0.1778725015,2.183435667679701,54.20061993112522,2.16572856892038,2.2439596537256876,17.061271459546006,7.813956560339935,24,263360,0.07953999989999999,0.0888825488,3.9306929009852016,0.1658518984,0.21362084835,8.291812101584958,0.009899999999999999,0.15580349999999998,0.0896975,0.1874765,2.090097271384375,2.191079019548246,0.080764003,0.172383994,0.081044003,0.192735001,1.9313e-16,5.0272e-16,0.01764,0.0071487
size,auto,npvt,dense,256,256,0,True,3,90,0.17134249950000002,0.375515506,2.191607494321629,54.371391656993254,2.179985164769976,2.2260939499134595,65.08601212508866,29.697841558638594,72,789696,0.16760845185,0.18291755269999999,2.620418100925934,0.35055691135,0.43089419635000004,7.733440575797629,0.0101605,0.31742099999999995,0.1811775,0.38278650000000003,2.112770625491576,2.1612390580168865,0.172304004,0.355504006,0.170820996,0.406702012,2.7257e-16,7.0078e-16,0.012395,0.0044094
size,auto,npvt,dense,512,512,0,True,3,90,0.3652590065,0.7559179965,2.0695396500784167,51.68007532679506,2.0612759795228657,2.11046293319236,244.61362049945785,118.19711716573744,264,2626752,0.35313935305,0.378407204,1.9745656347015734,0.72068196225,0.8735260993,7.153317881510853,0.009875499999999999,0.5957325,0.374779,0.758687,2.024358355190659,2.0847990743398794,0.365518987,0.733202994,0.365078986,0.827305973,4.0826e-16,9.956e-16,0.0086935,0.0027223
size,auto,npvt,dense,768,768,0,True,3,90,0.610935003,1.5166634915000001,2.482528393450064,59.71848690075758,2.423177986955106,2.5505265770473455,493.8247874463333,198.92009644250078,584,3677376,0.58125179685,0.65776305185,3.6905330996899357,1.38597587325,1.7646212936999999,9.652285706772892,0.01004,1.2031325,0.6341665,1.5013139999999998,2.3673814368939388,2.4478995049253776,0.612296999,1.396257997,0.618947983,1.658339977,3.9866e-16,8.2995e-16,0.0048321,0.0011282
size,auto,npvt,dense,1024,1024,0,True,3,90,0.7486259935,1.9643279315000002,2.6239109362424244,61.88895033792377,2.5951764478671806,2.7012908595993066,955.4883616260648,364.14664401466814,1032,4728000,0.7358003321000001,0.7722440392000001,1.6849141113540904,1.8355342447,2.2788997174,8.581410732843963,0.0092145,1.492696,0.7597579999999999,1.947427,2.56322013062054,2.6096701943619363,0.747264028,1.847789049,0.751390994,2.171324968,5.993e-16,1.5022e-15,0.0064646,0.0014756
size,auto,npvt,dense,1536,1536,0,True,3,90,1.2282404900000001,3.0506110189999998,2.4837245179891436,59.737885874331454,2.39786103900548,2.493054889962332,1966.0149780602003,791.5591941943353,2312,6829248,1.1974113946,1.2715349734,2.1178232038754925,2.88938851365,3.4052716611,6.6312413340815315,0.009174,2.2149565,1.241832,2.9608095,2.3842270935198964,2.4361019518262768,1.210574031,2.916706085,1.240738988,3.303658009,5.4904e-16,1.1184e-15,0.0032634,0.00063716
size,auto,npvt,dense,2048,2048,0,True,3,90,1.7227575179999999,4.309328079,2.501413016036538,60.022595485471285,2.406884349620983,2.514420905577497,3322.8852628347668,1328.4032830771157,4104,8930496,1.6809337973,1.7777018011999999,2.010799439442845,3.95760684035,4.7190023418,6.487331768000097,0.014742499999999999,3.2390800000000004,1.7390375,4.1530594999999995,2.388136828561776,2.430637384603461,1.702366948,4.065375805,1.749557972,4.598580837,8.1213e-16,2.0337e-15,0.0043742,0.0012203
size,auto,npvt,dense,2560,2560,0,True,3,90,2.3404239415,5.412832022,2.312757071922134,56.76156341102876,2.2878545854680574,2.332310049198651,4777.567534552585,2065.7455089227965,6408,11031744,2.27338523885,2.3902374746,1.668249460851294,5.167277383699999,5.76507556455,4.406945060232866,0.0127645,3.908746,2.3558025000000002,5.376002,2.2820257640443113,2.318609195914015,2.301162958,5.225211143,2.36345911,5.672085762,7.9078e-16,1.8226e-15,0.0031316,0.000762
size,auto,npvt,dense,3072,3072,0,True,3,90,3.0737059115000003,6.7873075005,2.2081837677137184,54.71391400384364,2.10334325928892,2.2135063475151204,6286.428918168803,2846.8776059691654,9224,13132992,2.99688086515,3.2014899251499997,2.12056483955381,6.4533641813000004,7.19249541775,4.221267088761865,0.0133905,4.775408,3.1045995,6.579335,2.1192218191106456,2.16247106869671,3.08139801,6.518099785,3.087086916,7.080542088,7.8305e-16,1.6757e-15,0.0023644,0.000681
size,auto,npvt,dense,4096,4096,0,True,3,90,4.740759611,9.419973373,1.9870177241518017,49.67332259570709,1.977625978543489,2.005005193883476,9661.868341461452,4862.49731143481,16392,17335488,4.59979116905,4.87475814815,1.9103861880490671,9.21393933305,9.61642203345,1.1114640531098021,0.013165,6.718933999999999,4.7715415,9.4423095,1.9788803052430752,1.9956066233971552,4.638021946,9.418902397,4.782282829,9.464262009,1.1684e-15,2.9224e-15,0.0031381,0.00083217
size,auto,npvt,dense,5120,5120,0,True,3,90,7.313429117,12.4567399025,1.7032693833791894,41.289380895460184,1.6990892870496355,1.7032693833791894,12233.027195414874,7182.086001654798,25608,21537984,7.0871077065,7.6128458977,2.3008190304210223,12.215775919,12.79172215495,1.8099894970918802,0.2998245,6.2053519999999995,7.3889705,12.479379999999999,1.6889199923047464,1.7084707556546428,7.194466114,12.256768227,7.411358833,12.665763855,8.5292e-16,2.1581e-15,0.0019322,0.00049972
size,auto,npvt,dense,6144,6144,0,True,3,90,10.27203989,16.3153009415,1.5883214158254206,37.040451004665265,1.5843040163520552,1.590600216944835,15050.55947207775,9475.764364894783,36872,25740480,10.0813876631,10.55087266005,1.4461199789828123,16.10907850275,16.6759067536,1.2721218784207873,0.31222300000000003,7.9003675,10.2935675,16.415568,1.5947404046264815,1.5906322411580476,10.181791306,16.154335022,10.410269737,16.527385712,6.763e-16,1.6367e-15,0.0012301,0.00034715
size,auto,npvt,dense,8192,8192,0,True,3,90,18.5811777115,26.1907663345,1.4095320943133967,29.054471052174623,1.4061502551761977,1.4151168596390682,19722.663752426703,13992.34812176015,65544,34145472,18.4351267813,18.8592083933,0.7249634424520617,25.82976322185,26.6190886497,1.0867301209664828,0.5024345,10.216475500000001,18.6898315,26.365529,1.4106884270197941,1.4060535556209544,18.538747787,25.902444839,18.61690712,26.450580597,7.2829e-16,2.1479e-15,0.0012306,0.00039221
size,auto,npvt,dense,10240,10240,0,True,3,90,31.183506012000002,39.772399902000004,1.2754306679529503,21.59511095926625,1.2714451009510486,1.2829227038036197,22953.65543196317,17996.78807222308,102408,42550464,30.73124237035,31.6834771158,0.9707997880877282,39.224442672849996,40.5081918717,1.0476423381337985,0.7506895,12.102067,31.2831665,40.0192345,1.279257791886253,1.2774783947321549,30.967512131,39.527347565,31.416055679,40.196998596,5.6844e-16,1.6184e-15,0.00074144,0.00025504
size,auto,npvt,dense,12288,12288,0,True,3,90,48.726545334,58.274494171,1.195949636313283,16.384438806079736,1.1919703815113896,1.2102179795452237,25384.009337205025,21224.9818608211,147464,50955456,48.2662609102,49.41506958045,0.7348846930956244,57.61165008545,59.417056465,0.910907677702354,0.9693145000000001,14.281954500000001,48.7963655,58.596247500000004,1.2008322115711672,1.1972191498292366,48.613777161,58.068943024,48.932010651,58.740615845,4.796e-16,1.2396e-15,0.00047372,0.00017856
size,auto,npvt,dense,16384,16384,0,True,3,90,103.87535095199999,111.2126464845,1.0706355787514068,6.5975370287790325,1.0696197618128074,1.0745690386946283,28225.144464722984,26362.980107236508,262152,67765440,102.5188495633,105.15623626725001,0.7977968523829164,109.5311820986,112.7034805297,0.8748330625768098,1.275418,56.541842,104.0458735,111.3484675,1.0701862914342297,1.0706547279759802,103.636390686,110.854751587,104.064483643,111.695289612,5.6795e-16,1.7038e-15,0.00049962,0.00020443
size,auto,npvt,dense,24576,24576,0,True,3,30,291.807022095,287.604827881,0.9855994068140282,-1.4611000256708806,0.9845005990536,0.9855994068140282,33910.43363164341,34405.89898614046,589832,101385408,289.53659973164997,294.48691101074996,0.5870245375076552,283.80230712885,290.28977813685,0.735284085577065,0.7792185,233.446277,292.30607,287.76676599999996,0.9844707159177365,0.9830787739975901,290.46887207,287.176300049,293.079101562,287.538421631,4.1945e-16,1.0081e-15,0.00020089,9.3465e-05
size,auto,npvt,dense,32768,32768,0,True,3,30,629.46005249,607.862121582,0.9656881626998195,-3.553097016769202,0.9640545725107187,0.9664820094610609,37263.22439376823,38587.22290805522,1048584,135005376,620.28360290505,637.284579468,0.8127059512596742,596.7513732911999,613.51120910645,0.8937848186546165,1.285174,553.411293,629.709445,607.6901795,0.9650326580380258,0.9633993775165957,628.496704102,607.250549316,631.083251953,609.473083496,5.2233e-16,1.4102e-15,0.00021459,0.00010786
static,static,npvt,dense,64,64,0,True,3,60,0.075916998,0.07942149800000001,1.0461622573642864,4.412533241314598,1.0316352649006622,1.0461622573642864,2.2749055488205685,2.1745245852703508,12,0,0.07499300385,0.0800910529,2.4513668838287317,0.07727000295,0.08489244794999998,4.375509850237674,0.008923,0.007346,0.086352,0.088145,1.0207638502871965,1.0332174868022657,0.075916499,0.08052300300000001,0.07743849950000001,0.07888099949999999,2.5493e-17,1.2316e-18,0.024209,0.024209
static,static,npvt,dense,512,512,0,True,3,60,0.6986500025,0.7738649845000001,1.107657599271246,9.719393370485296,1.0996177357922092,1.139802728154172,127.88567620451703,115.4559642696949,264,2626752,0.69308389735,0.71394515075,1.0504694982683838,0.7293448452,0.91821267605,9.084177434096814,0.009875,0.627601,0.7090909999999999,0.774035,1.0915876805656821,1.0962071241121685,0.6980890035,0.733403504,0.699691504,0.8785049915,4.0858e-16,9.956e-16,0.0086935,0.0027223
static,static,npvt,dense,2048,2048,0,True,3,60,2.9977910515,4.312659502,1.4386124409311587,30.488575550428408,1.4234031124143023,1.447880396409943,1909.5812448754987,1327.3771243348208,4104,8930496,2.9576554057499997,3.08621613995,1.3353145310494332,4.038914585350001,4.6962840315,6.447130662019587,0.013680999999999999,3.173611,3.023466,4.273,1.413278667595402,1.4210143045988521,2.9828685525000003,4.061930895,3.025393486,4.61929965,8.1245e-16,2.0337e-15,0.0043742,0.0012203
static,static,npvt,dense,4096,4096,0,True,3,60,6.670696974,9.3429093365,1.4005896794465902,28.601501590735257,1.3968949706933576,1.419070653774203,6866.538141146269,4902.605125477876,16392,17335488,6.5629794124,6.8250294922000005,1.2737792165851456,9.0813489439,9.71847133655,2.0805872988555802,0.01266,6.114485,6.7046790000000005,9.356776,1.3955591311679498,1.404085916626394,6.6396296024999995,9.3419122695,6.696356535,9.3816132545,1.1686e-15,2.9224e-15,0.0031381,0.00083217
static,static,npvt,dense,8192,8192,0,True,3,60,28.815712928499998,26.380063057,0.9154749397475073,-9.232919065573242,0.9125040879557584,0.9154749397475073,12717.72525765083,13891.942537671699,65544,34145472,28.33568754155,29.2898357393,1.0112377538570145,26.06496191055,26.486615467,0.6260251110103481,0.0090685,10.2627385,29.0215605,26.479847,0.9124198197405684,0.9129227783291367,28.534664154,26.273516655,29.000918388499997,26.3813056945,1.6309e-15,4.0342e-15,0.002192,0.00039221
stride,auto,npvt,dense,64,128,0,True,3,90,0.0268815,0.08014250149999999,2.9813255026691214,66.45787254344687,2.97299878322291,2.993352190413399,6.424641482060153,2.1549614345392007,12,0,0.026418,0.02820744955,2.1099371757588234,0.0778175498,0.0845819979,3.8157145145546174,0.002569,0.007366,0.035329,0.0886155,2.508293469953862,2.9707704927857805,0.026881,0.080642998,0.026961001,0.078961,2.5493e-17,1.2316e-18,0.024209,0.024209
stride,auto,npvt,dense,512,1024,0,True,3,90,0.360552505,0.758120984,2.102664586951074,52.44129728507818,2.0357542705922134,2.1147436388463334,247.80670432451996,117.85365381734374,264,2626752,0.34984589695,0.3915150912,3.1192769019576585,0.72079000735,0.88097954655,7.922905850285234,0.00947,0.6093335,0.3713085,0.7518564999999999,2.0248836210321066,2.1046817218245097,0.360231996,0.727274001,0.361995012,0.84217,4.0826e-16,9.956e-16,0.0086935,0.0027223
stride,auto,npvt,dense,2048,4096,0,True,3,90,1.7229790095,4.2667798994999995,2.476396912541725,59.61875114059887,2.367738431522662,2.494991750296238,3322.4581010195993,1341.6500740220572,4104,8930496,1.6766858816,1.7739331248999999,1.7419925411149666,4.02491364485,4.74432384995,6.376397516135447,0.0109665,3.0014624999999997,1.7396645,4.1202315,2.3684058046824545,2.4231292284799264,1.707734942,4.070674896,1.746394992,4.587336063,8.1213e-16,2.0337e-15,0.0043742,0.0012203
stride,auto,npvt,dense,8192,16384,0,True,3,90,18.669920921,26.362472534,1.4120291481442424,29.179932205064695,1.408561653793072,1.4120291481442424,19628.916570063924,13901.212022330561,65544,34145472,18.4808506967,19.14982538245,1.1060005892247502,26.0014352797,26.971017837799998,1.1875251473001422,0.387123,9.7217965,18.778253499999998,26.4754635,1.409900207173154,1.4090290450367986,18.584655762,26.140388489,18.81139183,26.656017303,7.2829e-16,2.1479e-15,0.0012306,0.00039221
