phase,method,reference,matrix,n,lda,offset,trial,log,validated,samples,warmup,cdls_ms,roc_ms,speedup,workspace_bytes,roc_workspace_bytes
size,auto,npvt,dense,1,1,0,1,size-t1-auto-npvt-dense-n1-lda1-off0.log,True,30,20,0.0084535,0.012518999999999999,1.4809250606257762,12,0
size,auto,npvt,dense,2,2,0,1,size-t1-auto-npvt-dense-n2-lda2-off0.log,True,30,20,0.0079125,0.0139215,1.759431279620853,12,0
size,auto,npvt,dense,4,4,0,1,size-t1-auto-npvt-dense-n4-lda4-off0.log,True,30,20,0.0080325,0.012519,1.558543417366947,12,0
size,auto,npvt,dense,8,8,0,1,size-t1-auto-npvt-dense-n8-lda8-off0.log,True,30,20,0.0079525,0.01318,1.6573404589751652,12,0
size,auto,npvt,dense,16,16,0,1,size-t1-auto-npvt-dense-n16-lda16-off0.log,True,30,20,0.0096345,0.0165249995,1.7151901499818358,12,0
size,auto,npvt,dense,32,32,0,1,size-t1-auto-npvt-dense-n32-lda32-off0.log,True,30,20,0.014522,0.033410999999999996,2.300716154799614,12,0
size,auto,npvt,dense,64,64,0,1,size-t1-auto-npvt-dense-n64-lda64-off0.log,True,30,20,0.027923,0.08430899650000001,3.0193387709057053,12,0
size,auto,npvt,dense,128,128,0,1,size-t1-auto-npvt-dense-n128-lda128-off0.log,True,30,20,0.081464503,0.1764300015,2.16572856892038,24,263360
size,auto,npvt,dense,256,256,0,1,size-t1-auto-npvt-dense-n256-lda256-off0.log,True,30,5,0.17160300150000002,0.3740919975,2.179985164769976,72,789696
size,auto,npvt,dense,512,512,0,1,size-t1-auto-npvt-dense-n512-lda512-off0.log,True,30,5,0.361193508,0.7445195019999999,2.0612759795228657,264,2626752
size,auto,npvt,dense,768,768,0,1,size-t1-auto-npvt-dense-n768-lda768-off0.log,True,30,5,0.610935003,1.558205962,2.5505265770473455,584,3677376
size,auto,npvt,dense,1024,1024,0,1,size-t1-auto-npvt-dense-n1024-lda1024-off0.log,True,30,5,0.7475445275,1.9400099515,2.5951764478671806,1032,4728000
size,auto,npvt,dense,1536,1536,0,1,size-t1-auto-npvt-dense-n1536-lda1536-off0.log,True,30,5,1.2282404900000001,2.9451500175,2.39786103900548,2312,6829248
size,auto,npvt,dense,2048,2048,0,1,size-t1-auto-npvt-dense-n2048-lda2048-off0.log,True,30,5,1.725080967,4.309328079,2.498043953550848,4104,8930496
size,auto,npvt,dense,2560,2560,0,1,size-t1-auto-npvt-dense-n2560-lda2560-off0.log,True,30,5,2.34465003,5.412832022,2.308588468531485,6408,11031744
size,auto,npvt,dense,3072,3072,0,1,size-t1-auto-npvt-dense-n3072-lda3072-off0.log,True,30,5,3.0737059115000003,6.8036675455,2.2135063475151204,9224,13132992
size,auto,npvt,dense,4096,4096,0,1,size-t1-auto-npvt-dense-n4096-lda4096-off0.log,True,30,5,4.763273478,9.419973373,1.977625978543489,16392,17335488
size,auto,npvt,dense,5120,5120,0,1,size-t1-auto-npvt-dense-n5120-lda5120-off0.log,True,30,5,7.3412353995,12.473414421000001,1.6990892870496355,25608,21537984
size,auto,npvt,dense,6144,6144,0,1,size-t1-auto-npvt-dense-n6144-lda6144-off0.log,True,30,5,10.266574383,16.3153009415,1.5891669736027858,36872,25740480
size,auto,npvt,dense,8192,8192,0,1,size-t1-auto-npvt-dense-n8192-lda8192-off0.log,True,30,5,18.5811777115,26.127927780500002,1.4061502551761977,65544,34145472
size,auto,npvt,dense,10240,10240,0,1,size-t1-auto-npvt-dense-n10240-lda10240-off0.log,True,30,5,31.001399994000003,39.772399902000004,1.2829227038036197,102408,42550464
size,auto,npvt,dense,12288,12288,0,1,size-t1-auto-npvt-dense-n12288-lda12288-off0.log,True,30,5,48.736057281499995,58.274494171,1.1957162196031963,147464,50955456
size,auto,npvt,dense,16384,16384,0,1,size-t1-auto-npvt-dense-n16384-lda16384-off0.log,True,30,5,103.87535095199999,111.1071281435,1.0696197618128074,262152,67765440
size,auto,npvt,dense,24576,24576,0,1,size-t1-auto-npvt-dense-n24576-lda24576-off0.log,True,10,3,291.807022095,287.604827881,0.9855994068140282,589832,101385408
size,auto,npvt,dense,32768,32768,0,1,size-t1-auto-npvt-dense-n32768-lda32768-off0.log,True,10,3,629.46005249,608.361816406,0.9664820094610609,1048584,135005376
size,auto,npvt,dense,32768,32768,0,2,size-t2-auto-npvt-dense-n32768-lda32768-off0.log,True,10,3,630.5266723635,607.862121582,0.9640545725107187,1048584,135005376
size,auto,npvt,dense,24576,24576,0,2,size-t2-auto-npvt-dense-n24576-lda24576-off0.log,True,10,3,292.2092285155,287.68016052250005,0.9845005990536,589832,101385408
size,auto,npvt,dense,16384,16384,0,2,size-t2-auto-npvt-dense-n16384-lda16384-off0.log,True,30,5,103.956096649,111.2126464845,1.0698039852342782,262152,67765440
size,auto,npvt,dense,12288,12288,0,2,size-t2-auto-npvt-dense-n12288-lda12288-off0.log,True,30,5,48.672580719,58.904432297,1.2102179795452237,147464,50955456
size,auto,npvt,dense,10240,10240,0,2,size-t2-auto-npvt-dense-n10240-lda10240-off0.log,True,30,5,31.183506012000002,39.8948116305,1.2793561960334967,102408,42550464
size,auto,npvt,dense,8192,8192,0,2,size-t2-auto-npvt-dense-n8192-lda8192-off0.log,True,30,5,18.5907087325,26.308025360000002,1.4151168596390682,65544,34145472
size,auto,npvt,dense,6144,6144,0,2,size-t2-auto-npvt-dense-n6144-lda6144-off0.log,True,30,5,10.2943587305,16.309393882499997,1.5843040163520552,36872,25740480
size,auto,npvt,dense,5120,5120,0,2,size-t2-auto-npvt-dense-n5120-lda5120-off0.log,True,30,5,7.3118908405,12.437449932,1.700989552949823,25608,21537984
size,auto,npvt,dense,4096,4096,0,2,size-t2-auto-npvt-dense-n4096-lda4096-off0.log,True,30,5,4.71321702,9.450024605,2.005005193883476,16392,17335488
size,auto,npvt,dense,3072,3072,0,2,size-t2-auto-npvt-dense-n3072-lda3072-off0.log,True,30,5,3.072845459,6.7873075005,2.208802099246736,9224,13132992
size,auto,npvt,dense,2560,2560,0,2,size-t2-auto-npvt-dense-n2560-lda2560-off0.log,True,30,5,2.3276439905,5.42878747,2.332310049198651,6408,11031744
size,auto,npvt,dense,2048,2048,0,2,size-t2-auto-npvt-dense-n2048-lda2048-off0.log,True,30,5,1.7227575179999999,4.331737518500001,2.514420905577497,4104,8930496
size,auto,npvt,dense,1536,1536,0,2,size-t2-auto-npvt-dense-n1536-lda1536-off0.log,True,30,5,1.2286815045,3.063170433,2.493054889962332,2312,6829248
size,auto,npvt,dense,1024,1024,0,2,size-t2-auto-npvt-dense-n1024-lda1024-off0.log,True,30,5,0.751210004,1.9643279315000002,2.6148852132432463,1032,4728000
size,auto,npvt,dense,768,768,0,2,size-t2-auto-npvt-dense-n768-lda768-off0.log,True,30,5,0.62589851,1.5166634915000001,2.423177986955106,584,3677376
size,auto,npvt,dense,512,512,0,2,size-t2-auto-npvt-dense-n512-lda512-off0.log,True,30,5,0.3652590065,0.7559179965,2.0695396500784167,264,2626752
size,auto,npvt,dense,256,256,0,2,size-t2-auto-npvt-dense-n256-lda256-off0.log,True,30,5,0.1709814965,0.375515506,2.196234760408709,72,789696
size,auto,npvt,dense,128,128,0,2,size-t2-auto-npvt-dense-n128-lda128-off0.log,True,30,20,0.08062399949999999,0.180917002,2.2439596537256876,24,263360
size,auto,npvt,dense,64,64,0,2,size-t2-auto-npvt-dense-n64-lda64-off0.log,True,30,20,0.026741,0.080162503,2.9977376687483637,12,0
size,auto,npvt,dense,32,32,0,2,size-t2-auto-npvt-dense-n32-lda32-off0.log,True,30,20,0.014182,0.03283,2.3149062191510366,12,0
size,auto,npvt,dense,16,16,0,2,size-t2-auto-npvt-dense-n16-lda16-off0.log,True,30,20,0.009495,0.014362,1.5125855713533438,12,0
size,auto,npvt,dense,8,8,0,2,size-t2-auto-npvt-dense-n8-lda8-off0.log,True,30,20,0.007331,0.0122385,1.6694175419451642,12,0
size,auto,npvt,dense,4,4,0,2,size-t2-auto-npvt-dense-n4-lda4-off0.log,True,30,20,0.008853,0.0182680005,2.0634813622500845,12,0
size,auto,npvt,dense,2,2,0,2,size-t2-auto-npvt-dense-n2-lda2-off0.log,True,30,20,0.009053499999999999,0.0155445,1.7169602915999338,12,0
size,auto,npvt,dense,1,1,0,2,size-t2-auto-npvt-dense-n1-lda1-off0.log,True,30,20,0.0079125,0.011818,1.4935860979462876,12,0
size,auto,npvt,dense,1,1,0,3,size-t3-auto-npvt-dense-n1-lda1-off0.log,True,30,20,0.008253,0.012519,1.5169029443838604,12,0
size,auto,npvt,dense,2,2,0,3,size-t3-auto-npvt-dense-n2-lda2-off0.log,True,30,20,0.007672,0.0129995,1.694408237747654,12,0
size,auto,npvt,dense,4,4,0,3,size-t3-auto-npvt-dense-n4-lda4-off0.log,True,30,20,0.008673,0.0163049995,1.8799722702640378,12,0
size,auto,npvt,dense,8,8,0,3,size-t3-auto-npvt-dense-n8-lda8-off0.log,True,30,20,0.008413,0.0112775,1.3404849637465825,12,0
size,auto,npvt,dense,16,16,0,3,size-t3-auto-npvt-dense-n16-lda16-off0.log,True,30,20,0.009735,0.015063,1.5473035439137133,12,0
size,auto,npvt,dense,32,32,0,3,size-t3-auto-npvt-dense-n32-lda32-off0.log,True,30,20,0.0141015,0.0330909995,2.3466297556997486,12,0
size,auto,npvt,dense,64,64,0,3,size-t3-auto-npvt-dense-n64-lda64-off0.log,True,30,20,0.026800999,0.0820655005,3.0620314003966795,12,0
size,auto,npvt,dense,128,128,0,3,size-t3-auto-npvt-dense-n128-lda128-off0.log,True,30,20,0.0814849995,0.1778725015,2.182886452616349,24,263360
size,auto,npvt,dense,256,256,0,3,size-t3-auto-npvt-dense-n256-lda256-off0.log,True,30,5,0.17134249950000002,0.3814245015,2.2260939499134595,72,789696
size,auto,npvt,dense,512,512,0,3,size-t3-auto-npvt-dense-n512-lda512-off0.log,True,30,5,0.36539898800000004,0.77116102,2.11046293319236,264,2626752
size,auto,npvt,dense,768,768,0,3,size-t3-auto-npvt-dense-n768-lda768-off0.log,True,30,5,0.6104750035,1.4881989955,2.43777220519726,584,3677376
size,auto,npvt,dense,1024,1024,0,3,size-t3-auto-npvt-dense-n1024-lda1024-off0.log,True,30,5,0.7486259935,2.0222565535,2.7012908595993066,1032,4728000
size,auto,npvt,dense,1536,1536,0,3,size-t3-auto-npvt-dense-n1536-lda1536-off0.log,True,30,5,1.224494994,3.0506110189999998,2.4913217562733454,2312,6829248
size,auto,npvt,dense,2048,2048,0,3,size-t3-auto-npvt-dense-n2048-lda2048-off0.log,True,30,5,1.721956968,4.144551277,2.406884349620983,4104,8930496
size,auto,npvt,dense,2560,2560,0,3,size-t3-auto-npvt-dense-n2560-lda2560-off0.log,True,30,5,2.3404239415,5.3545496465,2.2878545854680574,6408,11031744
size,auto,npvt,dense,3072,3072,0,3,size-t3-auto-npvt-dense-n3072-lda3072-off0.log,True,30,5,3.102049947,6.524675846,2.10334325928892,9224,13132992
size,auto,npvt,dense,4096,4096,0,3,size-t3-auto-npvt-dense-n4096-lda4096-off0.log,True,30,5,4.740759611,9.418421745,1.9866904289233325,16392,17335488
size,auto,npvt,dense,5120,5120,0,3,size-t3-auto-npvt-dense-n5120-lda5120-off0.log,True,30,5,7.313429117,12.4567399025,1.7032693833791894,25608,21537984
size,auto,npvt,dense,6144,6144,0,3,size-t3-auto-npvt-dense-n6144-lda6144-off0.log,True,30,5,10.27203989,16.3387088775,1.590600216944835,36872,25740480
size,auto,npvt,dense,8192,8192,0,3,size-t3-auto-npvt-dense-n8192-lda8192-off0.log,True,30,5,18.571144104,26.1907663345,1.410293635536371,65544,34145472
size,auto,npvt,dense,10240,10240,0,3,size-t3-auto-npvt-dense-n10240-lda10240-off0.log,True,30,5,31.261748314000002,39.747596741,1.2714451009510486,102408,42550464
size,auto,npvt,dense,12288,12288,0,3,size-t3-auto-npvt-dense-n12288-lda12288-off0.log,True,30,5,48.726545334,58.0805988315,1.1919703815113896,147464,50955456
size,auto,npvt,dense,16384,16384,0,3,size-t3-auto-npvt-dense-n16384-lda16384-off0.log,True,30,5,103.5924911495,111.3172836305,1.0745690386946283,262152,67765440
size,auto,npvt,dense,24576,24576,0,3,size-t3-auto-npvt-dense-n24576-lda24576-off0.log,True,10,3,291.5752716065,287.2344207765,0.985112417777807,589832,101385408
size,auto,npvt,dense,32768,32768,0,3,size-t3-auto-npvt-dense-n32768-lda32768-off0.log,True,10,3,628.9096374515,606.4595947265,0.9643032299266819,1048584,135005376
boundary,auto,npvt,dense,7,7,0,1,boundary-t1-auto-npvt-dense-n7-lda7-off0.log,True,30,20,0.0078315,0.016725999999999998,2.1357338951669536,12,0
boundary,auto,npvt,dense,15,15,0,1,boundary-t1-auto-npvt-dense-n15-lda15-off0.log,True,30,20,0.009635000000000001,0.013841,1.4365334717176956,12,0
boundary,auto,npvt,dense,17,17,0,1,boundary-t1-auto-npvt-dense-n17-lda17-off0.log,True,30,20,0.011658,0.016085,1.3797392348601818,12,0
boundary,auto,npvt,dense,31,31,0,1,boundary-t1-auto-npvt-dense-n31-lda31-off0.log,True,30,20,0.013921,0.033391000500000004,2.3986064578694064,12,0
boundary,auto,npvt,dense,33,33,0,1,boundary-t1-auto-npvt-dense-n33-lda33-off0.log,True,30,20,0.015964501,0.037677499,2.3600799674227217,12,0
boundary,auto,npvt,dense,63,63,0,1,boundary-t1-auto-npvt-dense-n63-lda63-off0.log,True,30,20,0.026841,0.07924150299999999,2.9522559889720945,12,0
boundary,auto,npvt,dense,65,65,0,1,boundary-t1-auto-npvt-dense-n65-lda65-off0.log,True,30,20,0.062115499500000004,0.102717001,1.6536452548369187,24,100608
boundary,auto,npvt,dense,127,127,0,1,boundary-t1-auto-npvt-dense-n127-lda127-off0.log,True,30,20,0.08150500050000001,0.18866899599999998,2.31481497874477,24,259328
boundary,auto,npvt,dense,129,129,0,1,boundary-t1-auto-npvt-dense-n129-lda129-off0.log,True,30,5,0.1086265,0.197142504,1.8148656543292843,44,265472
boundary,auto,npvt,dense,255,255,0,1,boundary-t1-auto-npvt-dense-n255-lda255-off0.log,True,30,5,0.1726244985,0.3660614935,2.1205651380936525,72,781568
boundary,auto,npvt,dense,257,257,0,1,boundary-t1-auto-npvt-dense-n257-lda257-off0.log,True,30,5,0.1984039995,0.3985109925,2.0085834635606727,108,791808
boundary,auto,npvt,dense,511,511,0,1,boundary-t1-auto-npvt-dense-n511-lda511-off0.log,True,30,5,0.3685044945,0.77630952,2.1066487155151914,264,2612480
boundary,auto,npvt,dense,513,513,0,1,boundary-t1-auto-npvt-dense-n513-lda513-off0.log,True,30,5,0.4088865075,1.068978548,2.6143649359718726,332,2630912
boundary,auto,npvt,dense,767,767,0,1,boundary-t1-auto-npvt-dense-n767-lda767-off0.log,True,30,5,0.6298449935,1.543004513,2.449816270548795,584,3673280
boundary,auto,npvt,dense,769,769,0,1,boundary-t1-auto-npvt-dense-n769-lda769-off0.log,True,30,5,0.6538220050000001,1.5031039715,2.2989498059185083,684,3681536
boundary,auto,npvt,dense,895,895,0,1,boundary-t1-auto-npvt-dense-n895-lda895-off0.log,True,30,5,0.7335839865,1.7896019815,2.439532506752722,792,4198592
boundary,auto,npvt,dense,896,896,0,1,boundary-t1-auto-npvt-dense-n896-lda896-off0.log,True,30,5,0.6446684895,1.70182848,2.6398505708258293,792,4202688
boundary,auto,npvt,dense,897,897,0,1,boundary-t1-auto-npvt-dense-n897-lda897-off0.log,True,30,5,0.694805026,1.7423900365,2.507739540300907,908,4206848
boundary,auto,npvt,dense,1023,1023,0,1,boundary-t1-auto-npvt-dense-n1023-lda1023-off0.log,True,30,5,0.769439489,2.2159160375,2.8799094265098213,1032,4723904
boundary,auto,npvt,dense,1025,1025,0,1,boundary-t1-auto-npvt-dense-n1025-lda1025-off0.log,True,30,5,0.7952990234999999,2.172229528,2.7313368479195677,1164,4732160
boundary,auto,npvt,dense,2047,2047,0,1,boundary-t1-auto-npvt-dense-n2047-lda2047-off0.log,True,30,5,1.7400064465,4.592694044,2.6394695567008637,4104,8926400
boundary,auto,npvt,dense,2049,2049,0,1,boundary-t1-auto-npvt-dense-n2049-lda2049-off0.log,True,30,5,1.8192279935,4.520352602,2.4847642066585207,4364,8934656
boundary,auto,npvt,dense,2559,2559,0,1,boundary-t1-auto-npvt-dense-n2559-lda2559-off0.log,True,30,5,2.397654533,5.7245879175,2.387578293165223,6408,11027648
boundary,auto,npvt,dense,2561,2561,0,1,boundary-t1-auto-npvt-dense-n2561-lda2561-off0.log,True,30,5,2.513592005,5.77236557,2.296460825192671,6732,11035904
boundary,auto,npvt,dense,3071,3071,0,1,boundary-t1-auto-npvt-dense-n3071-lda3071-off0.log,True,30,5,3.1070814135,7.089534521,2.281734392345365,9224,13128896
boundary,auto,npvt,dense,3073,3073,0,1,boundary-t1-auto-npvt-dense-n3073-lda3073-off0.log,True,30,5,3.209919095,6.8457603455000005,2.1326893740603765,9612,13137152
boundary,auto,npvt,dense,4095,4095,0,1,boundary-t1-auto-npvt-dense-n4095-lda4095-off0.log,True,30,5,4.7738566395,9.719376564000001,2.0359590364695115,16392,17331392
boundary,auto,npvt,dense,4097,4097,0,1,boundary-t1-auto-npvt-dense-n4097-lda4097-off0.log,True,30,5,4.9774875645000005,9.651444912,1.9390193922000303,16908,17339648
boundary,auto,npvt,dense,8191,8191,0,1,boundary-t1-auto-npvt-dense-n8191-lda8191-off0.log,True,30,5,19.373866081,27.632807732,1.4262929049096487,65544,34141376
boundary,auto,npvt,dense,8193,8193,0,1,boundary-t1-auto-npvt-dense-n8193-lda8193-off0.log,True,30,5,19.990814209,27.688652992,1.3850687972245963,66572,34149632
boundary,auto,npvt,dense,8193,8193,0,2,boundary-t2-auto-npvt-dense-n8193-lda8193-off0.log,True,30,5,19.939300537,27.748764037999997,1.3916618582737397,66572,34149632
boundary,auto,npvt,dense,8191,8191,0,2,boundary-t2-auto-npvt-dense-n8191-lda8191-off0.log,True,30,5,19.398156166,27.6232156755,1.424012439074824,65544,34141376
boundary,auto,npvt,dense,4097,4097,0,2,boundary-t2-auto-npvt-dense-n4097-lda4097-off0.log,True,30,5,4.983376026,9.610537052,1.9285193414782462,16908,17339648
boundary,auto,npvt,dense,4095,4095,0,2,boundary-t2-auto-npvt-dense-n4095-lda4095-off0.log,True,30,5,4.7786018850000005,9.657353401,2.0209579356912672,16392,17331392
boundary,auto,npvt,dense,3073,3073,0,2,boundary-t2-auto-npvt-dense-n3073-lda3073-off0.log,True,30,5,3.2081359625,6.845063448,2.1336575282382535,9612,13137152
boundary,auto,npvt,dense,3071,3071,0,2,boundary-t2-auto-npvt-dense-n3071-lda3071-off0.log,True,30,5,3.1106865404999997,6.974335432,2.24205664608012,9224,13128896
boundary,auto,npvt,dense,2561,2561,0,2,boundary-t2-auto-npvt-dense-n2561-lda2561-off0.log,True,30,5,2.4954239129999998,5.703880310000001,2.285736014745003,6732,11035904
boundary,auto,npvt,dense,2559,2559,0,2,boundary-t2-auto-npvt-dense-n2559-lda2559-off0.log,True,30,5,2.3774830104999998,5.7028279305,2.398682937086755,6408,11027648
boundary,auto,npvt,dense,2049,2049,0,2,boundary-t2-auto-npvt-dense-n2049-lda2049-off0.log,True,30,5,1.8200290205,4.674322605,2.5682681717436937,4364,8934656
boundary,auto,npvt,dense,2047,2047,0,2,boundary-t2-auto-npvt-dense-n2047-lda2047-off0.log,True,30,5,1.7690905335,4.5575180055,2.576192636384372,4104,8926400
boundary,auto,npvt,dense,1025,1025,0,2,boundary-t2-auto-npvt-dense-n1025-lda1025-off0.log,True,30,5,0.792874485,2.167020559,2.733119301978799,1164,4732160
boundary,auto,npvt,dense,1023,1023,0,2,boundary-t2-auto-npvt-dense-n1023-lda1023-off0.log,True,30,5,0.772723496,2.202554941,2.8503791490766313,1032,4723904
boundary,auto,npvt,dense,897,897,0,2,boundary-t2-auto-npvt-dense-n897-lda897-off0.log,True,30,5,0.6881945135,1.7332159875,2.5184972467816684,908,4206848
boundary,auto,npvt,dense,896,896,0,2,boundary-t2-auto-npvt-dense-n896-lda896-off0.log,True,30,5,0.6538020075,1.6776300075,2.5659603186519737,792,4202688
boundary,auto,npvt,dense,895,895,0,2,boundary-t2-auto-npvt-dense-n895-lda895-off0.log,True,30,5,0.7401739955,1.691471517,2.285234995127575,792,4198592
boundary,auto,npvt,dense,769,769,0,2,boundary-t2-auto-npvt-dense-n769-lda769-off0.log,True,30,5,0.650817513,1.5469499825,2.3769335514178147,684,3681536
boundary,auto,npvt,dense,767,767,0,2,boundary-t2-auto-npvt-dense-n767-lda767-off0.log,True,30,5,0.6325895189999999,1.544887006,2.4421634560783803,584,3673280
boundary,auto,npvt,dense,513,513,0,2,boundary-t2-auto-npvt-dense-n513-lda513-off0.log,True,30,5,0.4125320015,1.0227869749999998,2.4792912338462543,332,2630912
boundary,auto,npvt,dense,511,511,0,2,boundary-t2-auto-npvt-dense-n511-lda511-off0.log,True,30,5,0.369366497,0.7824789885,2.118435198793896,264,2612480
boundary,auto,npvt,dense,257,257,0,2,boundary-t2-auto-npvt-dense-n257-lda257-off0.log,True,30,5,0.1966210005,0.407263994,2.071314828855222,108,791808
boundary,auto,npvt,dense,255,255,0,2,boundary-t2-auto-npvt-dense-n255-lda255-off0.log,True,30,5,0.17408649599999998,0.3767974975,2.1644269151123594,72,781568
boundary,auto,npvt,dense,129,129,0,2,boundary-t2-auto-npvt-dense-n129-lda129-off0.log,True,30,5,0.1114909985,0.213367,1.913759880803292,44,265472
boundary,auto,npvt,dense,127,127,0,2,boundary-t2-auto-npvt-dense-n127-lda127-off0.log,True,30,20,0.082046002,0.183120005,2.2319186862999123,24,259328
boundary,auto,npvt,dense,65,65,0,2,boundary-t2-auto-npvt-dense-n65-lda65-off0.log,True,30,20,0.0625960005,0.1024364975,1.6364703284836866,24,100608
boundary,auto,npvt,dense,63,63,0,2,boundary-t2-auto-npvt-dense-n63-lda63-off0.log,True,30,20,0.026700500000000002,0.077318501,2.895769779592142,12,0
boundary,auto,npvt,dense,33,33,0,2,boundary-t2-auto-npvt-dense-n33-lda33-off0.log,True,30,20,0.015924,0.036136001,2.2692791384074353,12,0
boundary,auto,npvt,dense,31,31,0,2,boundary-t2-auto-npvt-dense-n31-lda31-off0.log,True,30,20,0.014302,0.0316084995,2.2100754789539923,12,0
boundary,auto,npvt,dense,17,17,0,2,boundary-t2-auto-npvt-dense-n17-lda17-off0.log,True,30,20,0.0106565,0.0141015,1.3232768732698355,12,0
boundary,auto,npvt,dense,15,15,0,2,boundary-t2-auto-npvt-dense-n15-lda15-off0.log,True,30,20,0.009475,0.014903,1.5728759894459101,12,0
boundary,auto,npvt,dense,7,7,0,2,boundary-t2-auto-npvt-dense-n7-lda7-off0.log,True,30,20,0.008914,0.0140015,1.5707314336997982,12,0
boundary,auto,npvt,dense,7,7,0,3,boundary-t3-auto-npvt-dense-n7-lda7-off0.log,True,30,20,0.008093,0.0134005,1.6558136661312246,12,0
boundary,auto,npvt,dense,15,15,0,3,boundary-t3-auto-npvt-dense-n15-lda15-off0.log,True,30,20,0.009874999999999998,0.018328,1.8560000000000003,12,0
boundary,auto,npvt,dense,17,17,0,3,boundary-t3-auto-npvt-dense-n17-lda17-off0.log,True,30,20,0.010916499999999999,0.015002999999999999,1.3743415930014198,12,0
boundary,auto,npvt,dense,31,31,0,3,boundary-t3-auto-npvt-dense-n31-lda31-off0.log,True,30,20,0.0177475,0.0363960005,2.0507677419354837,12,0
boundary,auto,npvt,dense,33,33,0,3,boundary-t3-auto-npvt-dense-n33-lda33-off0.log,True,30,20,0.017387,0.0403415005,2.320210530856387,12,0
boundary,auto,npvt,dense,63,63,0,3,boundary-t3-auto-npvt-dense-n63-lda63-off0.log,True,30,20,0.027782499500000002,0.0807439985,2.906289929025284,12,0
boundary,auto,npvt,dense,65,65,0,3,boundary-t3-auto-npvt-dense-n65-lda65-off0.log,True,30,20,0.062075,0.11279300249999999,1.8170439387837292,24,100608
boundary,auto,npvt,dense,127,127,0,3,boundary-t3-auto-npvt-dense-n127-lda127-off0.log,True,30,20,0.081564501,0.1750279965,2.1458844761399325,24,259328
boundary,auto,npvt,dense,129,129,0,3,boundary-t3-auto-npvt-dense-n129-lda129-off0.log,True,30,5,0.10698399650000001,0.2053745015,1.9196749814819265,44,265472
boundary,auto,npvt,dense,255,255,0,3,boundary-t3-auto-npvt-dense-n255-lda255-off0.log,True,30,5,0.171622999,0.363676995,2.119045798751017,72,781568
boundary,auto,npvt,dense,257,257,0,3,boundary-t3-auto-npvt-dense-n257-lda257-off0.log,True,30,5,0.2028909995,0.387553498,1.9101561870909902,108,791808
boundary,auto,npvt,dense,511,511,0,3,boundary-t3-auto-npvt-dense-n511-lda511-off0.log,True,30,5,0.3638375105,0.7853634955,2.1585555992308825,264,2612480
boundary,auto,npvt,dense,513,513,0,3,boundary-t3-auto-npvt-dense-n513-lda513-off0.log,True,30,5,0.4149954915,1.0461429955,2.520853881372829,332,2630912
boundary,auto,npvt,dense,767,767,0,3,boundary-t3-auto-npvt-dense-n767-lda767-off0.log,True,30,5,0.6134800015,1.5007194875,2.446240274875529,584,3673280
boundary,auto,npvt,dense,769,769,0,3,boundary-t3-auto-npvt-dense-n769-lda769-off0.log,True,30,5,0.6578085124999999,1.518266499,2.308067576124595,684,3681536
boundary,auto,npvt,dense,895,895,0,3,boundary-t3-auto-npvt-dense-n895-lda895-off0.log,True,30,5,0.7472845020000001,1.7906634805,2.3962272410407888,792,4198592
boundary,auto,npvt,dense,896,896,0,3,boundary-t3-auto-npvt-dense-n896-lda896-off0.log,True,30,5,0.6508570015,1.7521849870000001,2.692119748211697,792,4202688
boundary,auto,npvt,dense,897,897,0,3,boundary-t3-auto-npvt-dense-n897-lda897-off0.log,True,30,5,0.6941840054999999,1.7510424850000001,2.522447177011485,908,4206848
boundary,auto,npvt,dense,1023,1023,0,3,boundary-t3-auto-npvt-dense-n1023-lda1023-off0.log,True,30,5,0.770260513,2.242576003,2.9114513403597,1032,4723904
boundary,auto,npvt,dense,1025,1025,0,3,boundary-t3-auto-npvt-dense-n1025-lda1025-off0.log,True,30,5,0.8076775075,2.211287975,2.7378352801288077,1164,4732160
boundary,auto,npvt,dense,2047,2047,0,3,boundary-t3-auto-npvt-dense-n2047-lda2047-off0.log,True,30,5,1.7578129765,4.594254017,2.613619354516126,4104,8926400
boundary,auto,npvt,dense,2049,2049,0,3,boundary-t3-auto-npvt-dense-n2049-lda2049-off0.log,True,30,5,1.8016399745,4.415009022,2.450550101290506,4364,8934656
boundary,auto,npvt,dense,2559,2559,0,3,boundary-t3-auto-npvt-dense-n2559-lda2559-off0.log,True,30,5,2.3882790805000003,5.729822874,2.399142931319579,6408,11027648
boundary,auto,npvt,dense,2561,2561,0,3,boundary-t3-auto-npvt-dense-n2561-lda2561-off0.log,True,30,5,2.529174924,5.7194824215,2.261402470515717,6732,11035904
boundary,auto,npvt,dense,3071,3071,0,3,boundary-t3-auto-npvt-dense-n3071-lda3071-off0.log,True,30,5,3.1550340654999998,6.920242548,2.193397093131957,9224,13128896
boundary,auto,npvt,dense,3073,3073,0,3,boundary-t3-auto-npvt-dense-n3073-lda3073-off0.log,True,30,5,3.1823159455,6.9221556185,2.175194335524219,9612,13137152
boundary,auto,npvt,dense,4095,4095,0,3,boundary-t3-auto-npvt-dense-n4095-lda4095-off0.log,True,30,5,4.7852711675,9.845043659,2.0573637970329295,16392,17331392
boundary,auto,npvt,dense,4097,4097,0,3,boundary-t3-auto-npvt-dense-n4097-lda4097-off0.log,True,30,5,4.986644983,9.562605381000001,1.9176431074600127,16908,17339648
boundary,auto,npvt,dense,8191,8191,0,3,boundary-t3-auto-npvt-dense-n8191-lda8191-off0.log,True,30,5,19.372765541,27.645495414499997,1.4270288542950573,65544,34141376
boundary,auto,npvt,dense,8193,8193,0,3,boundary-t3-auto-npvt-dense-n8193-lda8193-off0.log,True,30,5,19.845038414,27.6953516005,1.3955806495673937,66572,34149632
padding,auto,npvt,dense,64,65,0,1,padding-t1-auto-npvt-dense-n64-lda65-off0.log,True,30,20,0.026800999,0.078841001,2.9417187396633984,12,0
padding,auto,npvt,dense,64,81,0,1,padding-t1-auto-npvt-dense-n64-lda81-off0.log,True,30,20,0.027000999,0.0806834995,2.9881671970729675,12,0
padding,auto,npvt,dense,64,192,0,1,padding-t1-auto-npvt-dense-n64-lda192-off0.log,True,30,20,0.026841,0.0806634985,3.0052344733802765,12,0
padding,auto,npvt,dense,512,513,0,1,padding-t1-auto-npvt-dense-n512-lda513-off0.log,True,30,5,0.37255099449999995,0.7911725045,2.1236623071207505,264,2626752
padding,auto,npvt,dense,512,529,0,1,padding-t1-auto-npvt-dense-n512-lda529-off0.log,True,30,5,0.3682039975,0.7662940025,2.081166982713163,264,2626752
padding,auto,npvt,dense,512,640,0,1,padding-t1-auto-npvt-dense-n512-lda640-off0.log,True,30,5,0.360632509,0.8113634885,2.249834577447925,264,2626752
padding,auto,npvt,dense,2048,2049,0,1,padding-t1-auto-npvt-dense-n2048-lda2049-off0.log,True,30,5,1.7438315155,4.309362173,2.4712032869553906,4104,8930496
padding,auto,npvt,dense,2048,2065,0,1,padding-t1-auto-npvt-dense-n2048-lda2065-off0.log,True,30,5,1.7869374754999998,4.321064472,2.4181397117942978,4104,8930496
padding,auto,npvt,dense,2048,2176,0,1,padding-t1-auto-npvt-dense-n2048-lda2176-off0.log,True,30,5,1.747937977,4.2936079505,2.4563846126103135,4104,8930496
padding,auto,npvt,dense,4096,4097,0,1,padding-t1-auto-npvt-dense-n4096-lda4097-off0.log,True,30,5,4.8139345645,9.736480712999999,2.0225619153199434,16392,17335488
padding,auto,npvt,dense,4096,4113,0,1,padding-t1-auto-npvt-dense-n4096-lda4113-off0.log,True,30,5,4.7581701275,9.4067583085,1.9769697292102553,16392,17335488
padding,auto,npvt,dense,4096,4224,0,1,padding-t1-auto-npvt-dense-n4096-lda4224-off0.log,True,30,5,4.774113893499999,9.4316592215,1.9755832038991137,16392,17335488
padding,auto,npvt,dense,8192,8193,0,1,padding-t1-auto-npvt-dense-n8192-lda8193-off0.log,True,30,5,19.227248192,26.8659420015,1.397284818566927,65544,34145472
padding,auto,npvt,dense,8192,8209,0,1,padding-t1-auto-npvt-dense-n8192-lda8209-off0.log,True,30,5,19.304338455,26.938001633,1.3954376989294244,65544,34145472
padding,auto,npvt,dense,8192,8320,0,1,padding-t1-auto-npvt-dense-n8192-lda8320-off0.log,True,30,5,18.686407089,26.2663793565,1.4056409684000757,65544,34145472
padding,auto,npvt,dense,16384,16385,0,1,padding-t1-auto-npvt-dense-n16384-lda16385-off0.log,True,30,5,108.078716278,114.923679352,1.0633331270922333,262152,67765440
padding,auto,npvt,dense,16384,16401,0,1,padding-t1-auto-npvt-dense-n16384-lda16401-off0.log,True,30,5,108.420051575,115.31071853649999,1.0635552820848213,262152,67765440
padding,auto,npvt,dense,16384,16512,0,1,padding-t1-auto-npvt-dense-n16384-lda16512-off0.log,True,30,5,104.96584701500001,112.5831642155,1.072569482523315,262152,67765440
padding,auto,npvt,dense,16384,16512,0,2,padding-t2-auto-npvt-dense-n16384-lda16512-off0.log,True,30,5,104.7211418155,112.8283081055,1.0774167102215462,262152,67765440
padding,auto,npvt,dense,16384,16401,0,2,padding-t2-auto-npvt-dense-n16384-lda16401-off0.log,True,30,5,108.31669235250001,115.6265563965,1.0674860345643786,262152,67765440
padding,auto,npvt,dense,16384,16385,0,2,padding-t2-auto-npvt-dense-n16384-lda16385-off0.log,True,30,5,108.151878357,115.46983337399999,1.0676636885847146,262152,67765440
padding,auto,npvt,dense,8192,8320,0,2,padding-t2-auto-npvt-dense-n8192-lda8320-off0.log,True,30,5,18.730962753500002,26.386323929,1.4087008914728392,65544,34145472
padding,auto,npvt,dense,8192,8209,0,2,padding-t2-auto-npvt-dense-n8192-lda8209-off0.log,True,30,5,19.386515617,26.90670681,1.387908345242069,65544,34145472
padding,auto,npvt,dense,8192,8193,0,2,padding-t2-auto-npvt-dense-n8192-lda8193-off0.log,True,30,5,19.2766132355,26.8719177245,1.3940165420247377,65544,34145472
padding,auto,npvt,dense,4096,4224,0,2,padding-t2-auto-npvt-dense-n4096-lda4224-off0.log,True,30,5,4.7750546935,9.499751091,1.9894538807966853,16392,17335488
padding,auto,npvt,dense,4096,4113,0,2,padding-t2-auto-npvt-dense-n4096-lda4113-off0.log,True,30,5,4.8156564235,9.5114488605,1.9751095227817594,16392,17335488
padding,auto,npvt,dense,4096,4097,0,2,padding-t2-auto-npvt-dense-n4096-lda4097-off0.log,True,30,5,4.7814838885,9.545075416500001,1.9962579900053554,16392,17335488
padding,auto,npvt,dense,2048,2176,0,2,padding-t2-auto-npvt-dense-n2048-lda2176-off0.log,True,30,5,1.7465159890000002,4.241251469,2.4284068944759025,4104,8930496
padding,auto,npvt,dense,2048,2065,0,2,padding-t2-auto-npvt-dense-n2048-lda2065-off0.log,True,30,5,1.790762484,4.2532644269999995,2.375113654100875,4104,8930496
padding,auto,npvt,dense,2048,2049,0,2,padding-t2-auto-npvt-dense-n2048-lda2049-off0.log,True,30,5,1.748238027,4.3473989965,2.486731743251344,4104,8930496
padding,auto,npvt,dense,512,640,0,2,padding-t2-auto-npvt-dense-n512-lda640-off0.log,True,30,5,0.3613934965,0.777370989,2.1510375713139043,264,2626752
padding,auto,npvt,dense,512,529,0,2,padding-t2-auto-npvt-dense-n512-lda529-off0.log,True,30,5,0.3643584995,0.7932550015,2.1771277535409874,264,2626752
padding,auto,npvt,dense,512,513,0,2,padding-t2-auto-npvt-dense-n512-lda513-off0.log,True,30,5,0.3712895065,0.7426175175,2.0001037047891903,264,2626752
padding,auto,npvt,dense,64,192,0,2,padding-t2-auto-npvt-dense-n64-lda192-off0.log,True,30,20,0.026961001,0.079842001,2.9613885997778793,12,0
padding,auto,npvt,dense,64,81,0,2,padding-t2-auto-npvt-dense-n64-lda81-off0.log,True,30,20,0.026921,0.078961,2.9330634077485978,12,0
padding,auto,npvt,dense,64,65,0,2,padding-t2-auto-npvt-dense-n64-lda65-off0.log,True,30,20,0.026941501,0.080002498,2.969489264907698,12,0
padding,auto,npvt,dense,64,65,0,3,padding-t3-auto-npvt-dense-n64-lda65-off0.log,True,30,20,0.0268615,0.079402,2.9559778865662754,12,0
padding,auto,npvt,dense,64,81,0,3,padding-t3-auto-npvt-dense-n64-lda81-off0.log,True,30,20,0.0269215005,0.0789010005,2.930780195554107,12,0
padding,auto,npvt,dense,64,192,0,3,padding-t3-auto-npvt-dense-n64-lda192-off0.log,True,30,20,0.027000999,0.0821260025,3.0415912574197717,12,0
padding,auto,npvt,dense,512,513,0,3,padding-t3-auto-npvt-dense-n512-lda513-off0.log,True,30,5,0.370127007,0.793555498,2.144008632150423,264,2626752
padding,auto,npvt,dense,512,529,0,3,padding-t3-auto-npvt-dense-n512-lda529-off0.log,True,30,5,0.36676199750000005,0.7881670000000001,2.1489876415017615,264,2626752
padding,auto,npvt,dense,512,640,0,3,padding-t3-auto-npvt-dense-n512-lda640-off0.log,True,30,5,0.361133009,0.8152084945,2.2573635590868957,264,2626752
padding,auto,npvt,dense,2048,2049,0,3,padding-t3-auto-npvt-dense-n2048-lda2049-off0.log,True,30,5,1.744772553,4.326622009,2.4797627642415123,4104,8930496
padding,auto,npvt,dense,2048,2065,0,3,padding-t3-auto-npvt-dense-n2048-lda2065-off0.log,True,30,5,1.786335528,4.198484898,2.350333871879416,4104,8930496
padding,auto,npvt,dense,2048,2176,0,3,padding-t3-auto-npvt-dense-n2048-lda2176-off0.log,True,30,5,1.750260472,4.2792840000000005,2.444941235009506,4104,8930496
padding,auto,npvt,dense,4096,4097,0,3,padding-t3-auto-npvt-dense-n4096-lda4097-off0.log,True,30,5,4.7888751030000005,9.72151041,2.030019618575966,16392,17335488
padding,auto,npvt,dense,4096,4113,0,3,padding-t3-auto-npvt-dense-n4096-lda4113-off0.log,True,30,5,4.785950422,9.55242157,1.995929904766573,16392,17335488
padding,auto,npvt,dense,4096,4224,0,3,padding-t3-auto-npvt-dense-n4096-lda4224-off0.log,True,30,5,4.804839134,9.426908492999999,1.9619613123555615,16392,17335488
padding,auto,npvt,dense,8192,8193,0,3,padding-t3-auto-npvt-dense-n8192-lda8193-off0.log,True,30,5,19.230998039,26.6969833375,1.3882266163908479,65544,34145472
padding,auto,npvt,dense,8192,8209,0,3,padding-t3-auto-npvt-dense-n8192-lda8209-off0.log,True,30,5,19.355993271,26.8609695435,1.387733978175343,65544,34145472
padding,auto,npvt,dense,8192,8320,0,3,padding-t3-auto-npvt-dense-n8192-lda8320-off0.log,True,30,5,18.7483625415,26.190961838,1.3969732972693272,65544,34145472
padding,auto,npvt,dense,16384,16385,0,3,padding-t3-auto-npvt-dense-n16384-lda16385-off0.log,True,30,5,108.29868316650001,115.11613845849999,1.0629504911109466,262152,67765440
padding,auto,npvt,dense,16384,16401,0,3,padding-t3-auto-npvt-dense-n16384-lda16401-off0.log,True,30,5,108.4038200375,115.6772880555,1.0670960489721109,262152,67765440
padding,auto,npvt,dense,16384,16512,0,3,padding-t3-auto-npvt-dense-n16384-lda16512-off0.log,True,30,5,105.0609970095,112.80146408050001,1.0736759338986674,262152,67765440
stride,auto,npvt,dense,64,128,0,1,stride-t1-auto-npvt-dense-n64-lda128-off0.log,True,30,20,0.026720999500000002,0.079441499,2.97299878322291,12,0
stride,auto,npvt,dense,512,1024,0,1,stride-t1-auto-npvt-dense-n512-lda1024-off0.log,True,30,5,0.36031199999999997,0.7619675100000001,2.1147436388463334,264,2626752
stride,auto,npvt,dense,2048,4096,0,1,stride-t1-auto-npvt-dense-n2048-lda4096-off0.log,True,30,5,1.7229790095,4.0795636175,2.367738431522662,4104,8930496
stride,auto,npvt,dense,8192,16384,0,1,stride-t1-auto-npvt-dense-n8192-lda16384-off0.log,True,30,5,18.7739305495,26.444238663,1.408561653793072,65544,34145472
stride,auto,npvt,dense,8192,16384,0,2,stride-t2-auto-npvt-dense-n8192-lda16384-off0.log,True,30,5,18.669920921,26.362472534,1.4120291481442424,65544,34145472
stride,auto,npvt,dense,2048,4096,0,2,stride-t2-auto-npvt-dense-n2048-lda4096-off0.log,True,30,5,1.725062549,4.3040168285,2.494991750296238,4104,8930496
stride,auto,npvt,dense,512,1024,0,2,stride-t2-auto-npvt-dense-n512-lda1024-off0.log,True,30,5,0.361914501,0.7367689909999999,2.0357542705922134,264,2626752
stride,auto,npvt,dense,64,128,0,2,stride-t2-auto-npvt-dense-n64-lda128-off0.log,True,30,20,0.027000999,0.0808234995,2.993352190413399,12,0
stride,auto,npvt,dense,64,128,0,3,stride-t3-auto-npvt-dense-n64-lda128-off0.log,True,30,20,0.0268815,0.08014250149999999,2.9813255026691214,12,0
stride,auto,npvt,dense,512,1024,0,3,stride-t3-auto-npvt-dense-n512-lda1024-off0.log,True,30,5,0.360552505,0.758120984,2.102664586951074,264,2626752
stride,auto,npvt,dense,2048,4096,0,3,stride-t3-auto-npvt-dense-n2048-lda4096-off0.log,True,30,5,1.7202545405,4.2667798994999995,2.480318928999798,4104,8930496
stride,auto,npvt,dense,8192,16384,0,3,stride-t3-auto-npvt-dense-n8192-lda16384-off0.log,True,30,5,18.6660346985,26.2966938015,1.4087991491633303,65544,34145472
offset,auto,npvt,dense,64,64,1,1,offset-t1-auto-npvt-dense-n64-lda64-off1.log,True,30,20,0.026962001,0.0833279975,3.090571708679931,12,0
offset,auto,npvt,dense,512,512,1,1,offset-t1-auto-npvt-dense-n512-lda512-off1.log,True,30,5,0.37391249800000004,0.7569395004999999,2.0243760359676446,264,2626752
offset,auto,npvt,dense,2048,2048,1,1,offset-t1-auto-npvt-dense-n2048-lda2048-off1.log,True,30,5,1.7601355315,4.3176529405,2.4530229992121493,4104,8930496
offset,auto,npvt,dense,8192,8192,1,1,offset-t1-auto-npvt-dense-n8192-lda8192-off1.log,True,30,5,19.349237442,27.04226017,1.3975879024204492,65544,34145472
offset,auto,npvt,dense,8192,8192,1,2,offset-t2-auto-npvt-dense-n8192-lda8192-off1.log,True,30,5,19.4115314485,27.000108719,1.390931405419143,65544,34145472
offset,auto,npvt,dense,2048,2048,1,2,offset-t2-auto-npvt-dense-n2048-lda2048-off1.log,True,30,5,1.757050991,4.3910198215000005,2.4990850259848836,4104,8930496
offset,auto,npvt,dense,512,512,1,2,offset-t2-auto-npvt-dense-n512-lda512-off1.log,True,30,5,0.37259051200000004,0.8084184825,2.169723748896751,264,2626752
offset,auto,npvt,dense,64,64,1,2,offset-t2-auto-npvt-dense-n64-lda64-off1.log,True,30,20,0.0266610005,0.08010249950000001,3.0044821273680262,12,0
offset,auto,npvt,dense,64,64,1,3,offset-t3-auto-npvt-dense-n64-lda64-off1.log,True,30,20,0.026800999,0.08160500200000001,3.044849261029412,12,0
offset,auto,npvt,dense,512,512,1,3,offset-t3-auto-npvt-dense-n512-lda512-off1.log,True,30,5,0.3718494925,0.7890684905,2.1220104004848146,264,2626752
offset,auto,npvt,dense,2048,2048,1,3,offset-t3-auto-npvt-dense-n2048-lda2048-off1.log,True,30,5,1.7657240029999999,4.3474390505,2.4621283072063447,4104,8930496
offset,auto,npvt,dense,8192,8192,1,3,offset-t3-auto-npvt-dense-n8192-lda8192-off1.log,True,30,5,19.3345689775,26.946687698,1.3937051159174207,65544,34145472
input,auto,npvt,signed,64,64,0,1,input-t1-auto-npvt-signed-n64-lda64-off0.log,True,20,20,0.026681000500000003,0.0795415005,2.9812038158014347,12,0
input,auto,npvt,signed,512,512,0,1,input-t1-auto-npvt-signed-n512-lda512-off0.log,True,20,5,0.36485900000000004,0.7864444850000001,2.155475087636594,264,2626752
input,auto,npvt,signed,2048,2048,0,1,input-t1-auto-npvt-signed-n2048-lda2048-off0.log,True,20,5,1.7326734665,4.3614144325,2.5171588974061314,4104,8930496
input,auto,npvt,signed,8192,8192,0,1,input-t1-auto-npvt-signed-n8192-lda8192-off0.log,True,20,5,18.6075048445,26.152091026,1.405459315719594,65544,34145472
input,auto,npvt,signed,16384,16384,0,1,input-t1-auto-npvt-signed-n16384-lda16384-off0.log,True,20,5,103.248550415,110.596801758,1.0711705037355415,262152,67765440
input,auto,npvt,column_scaled,64,64,0,1,input-t1-auto-npvt-column_scaled-n64-lda64-off0.log,True,20,20,0.0270214995,0.0809440015,2.9955406989904465,12,0
input,auto,npvt,column_scaled,512,512,0,1,input-t1-auto-npvt-column_scaled-n512-lda512-off0.log,True,20,5,0.417900503,0.7704994975,1.843739100500676,264,2626752
input,auto,npvt,column_scaled,2048,2048,0,1,input-t1-auto-npvt-column_scaled-n2048-lda2048-off0.log,True,20,5,1.9552945495,4.2463834285,2.171735930827336,4104,8930496
input,auto,npvt,column_scaled,8192,8192,0,1,input-t1-auto-npvt-column_scaled-n8192-lda8192-off0.log,True,20,5,19.086923599499997,26.349432945,1.380496590120487,65544,34145472
input,auto,npvt,column_scaled,16384,16384,0,1,input-t1-auto-npvt-column_scaled-n16384-lda16384-off0.log,True,20,5,104.8573036195,112.2942199705,1.0709241616395806,262152,67765440
input,auto,npvt,identity,64,64,0,1,input-t1-auto-npvt-identity-n64-lda64-off0.log,True,20,20,0.0268815,0.0802430025,2.985064170526198,12,0
input,auto,npvt,identity,512,512,0,1,input-t1-auto-npvt-identity-n512-lda512-off0.log,True,20,5,0.3689050075,0.7738250195,2.097626770490504,264,2626752
input,auto,npvt,identity,2048,2048,0,1,input-t1-auto-npvt-identity-n2048-lda2048-off0.log,True,20,5,1.693152964,4.364984989,2.578021644711836,4104,8930496
input,auto,npvt,identity,8192,8192,0,1,input-t1-auto-npvt-identity-n8192-lda8192-off0.log,True,20,5,14.775198936,21.410932541,1.449112978697832,65544,34145472
input,auto,npvt,identity,16384,16384,0,1,input-t1-auto-npvt-identity-n16384-lda16384-off0.log,True,20,5,65.785823822,72.1288490295,1.0964193322966151,262152,67765440
input,auto,npvt,known_lu,64,64,0,1,input-t1-auto-npvt-known_lu-n64-lda64-off0.log,True,20,20,0.026760999,0.08014300099999999,2.9947686556843407,12,0
input,auto,npvt,known_lu,512,512,0,1,input-t1-auto-npvt-known_lu-n512-lda512-off0.log,True,20,5,0.3643379955,0.7704200145,2.1145749935927283,264,2626752
input,auto,npvt,random,64,64,0,1,input-t1-auto-npvt-random-n64-lda64-off0.log,True,20,20,0.026881,0.08068300049999999,3.0014880584799672,12,0
input,auto,npvt,random,512,512,0,1,input-t1-auto-npvt-random-n512-lda512-off0.log,True,20,5,0.366061002,0.8132055105,2.221502716916018,264,2626752
input,auto,npvt,random,2048,2048,0,1,input-t1-auto-npvt-random-n2048-lda2048-off0.log,False,20,5,1.7119020219999999,4.3154439925000005,2.5208475351050206,4104,8930496
input,auto,npvt,scale_low,65,65,0,1,input-t1-auto-npvt-scale_low-n65-lda65-off0.log,True,20,20,0.07503499799999999,0.1173194985,1.56353037418619,24,100608
input,auto,npvt,scale_low,2048,2048,0,1,input-t1-auto-npvt-scale_low-n2048-lda2048-off0.log,True,20,5,1.9605224730000002,4.271733046,2.1788748177231425,4104,8930496
input,auto,npvt,scale_high,65,65,0,1,input-t1-auto-npvt-scale_high-n65-lda65-off0.log,True,20,20,0.0731719995,0.1163585,1.5902052806415383,24,100608
input,auto,npvt,scale_high,2048,2048,0,1,input-t1-auto-npvt-scale_high-n2048-lda2048-off0.log,True,20,5,1.9714394805,4.4491138459999995,2.2567843902931313,4104,8930496
input,auto,npvt,scale_high,2048,2048,0,2,input-t2-auto-npvt-scale_high-n2048-lda2048-off0.log,True,20,5,1.9717195035000001,4.170797586500001,2.1153097989325644,4104,8930496
input,auto,npvt,scale_high,65,65,0,2,input-t2-auto-npvt-scale_high-n65-lda65-off0.log,True,20,20,0.0722704975,0.111410502,1.5415765195196005,24,100608
input,auto,npvt,scale_low,2048,2048,0,2,input-t2-auto-npvt-scale_low-n2048-lda2048-off0.log,True,20,5,1.956556976,4.3574478625,2.2270999086407386,4104,8930496
input,auto,npvt,scale_low,65,65,0,2,input-t2-auto-npvt-scale_low-n65-lda65-off0.log,True,20,20,0.074193999,0.098130498,1.3226204183979893,24,100608
input,auto,npvt,random,2048,2048,0,2,input-t2-auto-npvt-random-n2048-lda2048-off0.log,False,20,5,1.730149984,4.325404644,2.5000171568940694,4104,8930496
input,auto,npvt,random,512,512,0,2,input-t2-auto-npvt-random-n512-lda512-off0.log,True,20,5,0.361112997,0.7638899985000001,2.115376640680701,264,2626752
input,auto,npvt,random,64,64,0,2,input-t2-auto-npvt-random-n64-lda64-off0.log,True,20,20,0.026841,0.0796215015,2.9664133787861853,12,0
input,auto,npvt,known_lu,512,512,0,2,input-t2-auto-npvt-known_lu-n512-lda512-off0.log,True,20,5,0.36952601399999996,0.797902018,2.1592580434675437,264,2626752
input,auto,npvt,known_lu,64,64,0,2,input-t2-auto-npvt-known_lu-n64-lda64-off0.log,True,20,20,0.026881,0.08230600099999999,3.061865295189911,12,0
input,auto,npvt,identity,16384,16384,0,2,input-t2-auto-npvt-identity-n16384-lda16384-off0.log,True,20,5,65.876419067,71.9196281435,1.0917355430378468,262152,67765440
input,auto,npvt,identity,8192,8192,0,2,input-t2-auto-npvt-identity-n8192-lda8192-off0.log,True,20,5,14.499516487000001,21.3718881605,1.4739724720932343,65544,34145472
input,auto,npvt,identity,2048,2048,0,2,input-t2-auto-npvt-identity-n2048-lda2048-off0.log,True,20,5,1.720715523,4.3455755709999995,2.5254468347119103,4104,8930496
input,auto,npvt,identity,512,512,0,2,input-t2-auto-npvt-identity-n512-lda512-off0.log,True,20,5,0.365319505,0.7926940025,2.169864985719829,264,2626752
input,auto,npvt,identity,64,64,0,2,input-t2-auto-npvt-identity-n64-lda64-off0.log,True,20,20,0.026861,0.081444502,3.0320725959569637,12,0
input,auto,npvt,column_scaled,16384,16384,0,2,input-t2-auto-npvt-column_scaled-n16384-lda16384-off0.log,True,20,5,105.216358185,112.541404724,1.0696188944890157,262152,67765440
input,auto,npvt,column_scaled,8192,8192,0,2,input-t2-auto-npvt-column_scaled-n8192-lda8192-off0.log,True,20,5,19.1164102555,26.428232193,1.3824892770020099,65544,34145472
input,auto,npvt,column_scaled,2048,2048,0,2,input-t2-auto-npvt-column_scaled-n2048-lda2048-off0.log,True,20,5,1.9729619624999999,4.1654109955,2.111247492182709,4104,8930496
input,auto,npvt,column_scaled,512,512,0,2,input-t2-auto-npvt-column_scaled-n512-lda512-off0.log,True,20,5,0.4222870025,0.7735245225,1.831750723845686,264,2626752
input,auto,npvt,column_scaled,64,64,0,2,input-t2-auto-npvt-column_scaled-n64-lda64-off0.log,True,20,20,0.026780999,0.081445001,3.0411487263787285,12,0
input,auto,npvt,signed,16384,16384,0,2,input-t2-auto-npvt-signed-n16384-lda16384-off0.log,True,20,5,102.9861373905,110.49720764150001,1.0729328280613122,262152,67765440
input,auto,npvt,signed,8192,8192,0,2,input-t2-auto-npvt-signed-n8192-lda8192-off0.log,True,20,5,18.6630096435,26.171829223499998,1.4023370144169212,65544,34145472
input,auto,npvt,signed,2048,2048,0,2,input-t2-auto-npvt-signed-n2048-lda2048-off0.log,True,20,5,1.7098790405000002,4.4059326645,2.576751080129986,4104,8930496
input,auto,npvt,signed,512,512,0,2,input-t2-auto-npvt-signed-n512-lda512-off0.log,True,20,5,0.3675834985,0.7482059895,2.03547219217731,264,2626752
input,auto,npvt,signed,64,64,0,2,input-t2-auto-npvt-signed-n64-lda64-off0.log,True,20,20,0.026801000499999998,0.08038299900000001,2.9992536659219127,12,0
input,auto,npvt,signed,64,64,0,3,input-t3-auto-npvt-signed-n64-lda64-off0.log,True,20,20,0.026820999499999998,0.08060349850000001,3.0052384326691484,12,0
input,auto,npvt,signed,512,512,0,3,input-t3-auto-npvt-signed-n512-lda512-off0.log,True,20,5,0.36666150350000004,0.7872054875000001,2.1469542888622337,264,2626752
input,auto,npvt,signed,2048,2048,0,3,input-t3-auto-npvt-signed-n2048-lda2048-off0.log,True,20,5,1.7085769769999999,4.40363431,2.5773695708648194,4104,8930496
input,auto,npvt,signed,8192,8192,0,3,input-t3-auto-npvt-signed-n8192-lda8192-off0.log,True,20,5,18.5844459535,26.246271133500002,1.4122708419272005,65544,34145472
input,auto,npvt,signed,16384,16384,0,3,input-t3-auto-npvt-signed-n16384-lda16384-off0.log,True,20,5,103.014923096,111.1094322205,1.0785760827774116,262152,67765440
input,auto,npvt,column_scaled,64,64,0,3,input-t3-auto-npvt-column_scaled-n64-lda64-off0.log,True,20,20,0.026861,0.0803834985,2.9925728193291388,12,0
input,auto,npvt,column_scaled,512,512,0,3,input-t3-auto-npvt-column_scaled-n512-lda512-off0.log,True,20,5,0.42186599999999996,0.8005859854999999,1.8977257837796837,264,2626752
input,auto,npvt,column_scaled,2048,2048,0,3,input-t3-auto-npvt-column_scaled-n2048-lda2048-off0.log,True,20,5,1.960482478,4.3571879865,2.2225079975950695,4104,8930496
input,auto,npvt,column_scaled,8192,8192,0,3,input-t3-auto-npvt-column_scaled-n8192-lda8192-off0.log,True,20,5,19.001176834,26.5094776155,1.3951492503382699,65544,34145472
input,auto,npvt,column_scaled,16384,16384,0,3,input-t3-auto-npvt-column_scaled-n16384-lda16384-off0.log,True,20,5,105.1438179015,112.671192169,1.0715912206512392,262152,67765440
input,auto,npvt,identity,64,64,0,3,input-t3-auto-npvt-identity-n64-lda64-off0.log,True,20,20,0.026861,0.081804998,3.045493391906482,12,0
input,auto,npvt,identity,512,512,0,3,input-t3-auto-npvt-identity-n512-lda512-off0.log,True,20,5,0.3623349965,0.8090994955,2.2330150366802894,264,2626752
input,auto,npvt,identity,2048,2048,0,3,input-t3-auto-npvt-identity-n2048-lda2048-off0.log,True,20,5,1.7171295285000001,4.284621477,2.495223223342292,4104,8930496
input,auto,npvt,identity,8192,8192,0,3,input-t3-auto-npvt-identity-n8192-lda8192-off0.log,True,20,5,14.6496009825,21.471074104499998,1.4656422471949055,65544,34145472
input,auto,npvt,identity,16384,16384,0,3,input-t3-auto-npvt-identity-n16384-lda16384-off0.log,True,20,5,66.0439758305,72.0159950255,1.0904248891727388,262152,67765440
input,auto,npvt,known_lu,64,64,0,3,input-t3-auto-npvt-known_lu-n64-lda64-off0.log,True,20,20,0.0268415,0.08092400050000001,3.0148836875733473,12,0
input,auto,npvt,known_lu,512,512,0,3,input-t3-auto-npvt-known_lu-n512-lda512-off0.log,True,20,5,0.367062002,0.766874999,2.0892246945244963,264,2626752
input,auto,npvt,random,64,64,0,3,input-t3-auto-npvt-random-n64-lda64-off0.log,True,20,20,0.0267404995,0.080022499,2.9925581233065595,12,0
input,auto,npvt,random,512,512,0,3,input-t3-auto-npvt-random-n512-lda512-off0.log,True,20,5,0.367563501,0.8155484795,2.218796146192981,264,2626752
input,auto,npvt,random,2048,2048,0,3,input-t3-auto-npvt-random-n2048-lda2048-off0.log,False,20,5,1.719173491,4.3908884525000005,2.5540694266673056,4104,8930496
input,auto,npvt,scale_low,65,65,0,3,input-t3-auto-npvt-scale_low-n65-lda65-off0.log,True,20,20,0.0748745015,0.108305998,1.446500421775763,24,100608
input,auto,npvt,scale_low,2048,2048,0,3,input-t3-auto-npvt-scale_low-n2048-lda2048-off0.log,True,20,5,1.949585974,4.3263864514999995,2.219130886863879,4104,8930496
input,auto,npvt,scale_high,65,65,0,3,input-t3-auto-npvt-scale_high-n65-lda65-off0.log,True,20,20,0.0735730005,0.1058225,1.438333346211699,24,100608
input,auto,npvt,scale_high,2048,2048,0,3,input-t3-auto-npvt-scale_high-n2048-lda2048-off0.log,True,20,5,1.9649494885,4.276694536,2.176490826369657,4104,8930496
static,static,npvt,dense,64,64,0,1,static-t1-static-npvt-dense-n64-lda64-off0.log,True,20,20,0.0758964975,0.0790214985,1.041174508744623,12,0
static,static,npvt,dense,512,512,0,1,static-t1-static-npvt-dense-n512-lda512-off0.log,True,20,5,0.6986500025,0.7738649845000001,1.107657599271246,264,2626752
static,static,npvt,dense,2048,2048,0,1,static-t1-static-npvt-dense-n2048-lda2048-off0.log,True,20,5,3.02599442,4.312659502,1.425204049781427,4104,8930496
static,static,npvt,dense,4096,4096,0,1,static-t1-static-npvt-dense-n4096-lda4096-off0.log,True,20,5,6.646600008,9.3429093365,1.4056674578362862,16392,17335488
static,static,npvt,dense,8192,8192,0,1,static-t1-static-npvt-dense-n8192-lda8192-off0.log,True,20,5,28.910238266,26.3807106015,0.9125040879557584,65544,34145472
static,static,npvt,dense,8192,8192,0,2,static-t2-static-npvt-dense-n8192-lda8192-off0.log,True,20,5,28.718486785499998,26.269286155499998,0.9147169330928465,65544,34145472
static,static,npvt,dense,4096,4096,0,2,static-t2-static-npvt-dense-n4096-lda4096-off0.log,True,20,5,6.685177803,9.486739635500001,1.419070653774203,16392,17335488
static,static,npvt,dense,2048,2048,0,2,static-t2-static-npvt-dense-n2048-lda2048-off0.log,True,20,5,2.9860930445,4.2504141335,1.4234031124143023,4104,8930496
static,static,npvt,dense,512,512,0,2,static-t2-static-npvt-dense-n512-lda512-off0.log,True,20,5,0.699771523,0.797601491,1.139802728154172,264,2626752
static,static,npvt,dense,64,64,0,2,static-t2-static-npvt-dense-n64-lda64-off0.log,True,20,20,0.075916998,0.07942149800000001,1.0461622573642864,12,0
static,static,npvt,dense,64,64,0,3,static-t3-static-npvt-dense-n64-lda64-off0.log,True,20,20,0.07852,0.08100400099999999,1.0316352649006622,12,0
static,static,npvt,dense,512,512,0,3,static-t3-static-npvt-dense-n512-lda512-off0.log,True,20,5,0.695925474,0.765251994,1.0996177357922092,264,2626752
static,static,npvt,dense,2048,2048,0,3,static-t3-static-npvt-dense-n2048-lda2048-off0.log,True,20,5,2.9977910515,4.340442896,1.447880396409943,4104,8930496
static,static,npvt,dense,4096,4096,0,3,static-t3-static-npvt-dense-n4096-lda4096-off0.log,True,20,5,6.670696974,9.318263053999999,1.3968949706933576,16392,17335488
static,static,npvt,dense,8192,8192,0,3,static-t3-static-npvt-dense-n8192-lda8192-off0.log,True,20,5,28.815712928499998,26.380063057,0.9154749397475073,65544,34145472
pivot,auto,pivot,dense,64,64,0,1,pivot-t1-auto-pivot-dense-n64-lda64-off0.log,True,20,20,0.026760999,0.151391998,5.657187835177603,12,0
pivot,auto,pivot,dense,512,512,0,1,pivot-t1-auto-pivot-dense-n512-lda512-off0.log,True,20,5,0.36666150399999997,1.955254018,5.3325860409932755,264,2628864
pivot,auto,pivot,dense,2048,2048,0,1,pivot-t1-auto-pivot-dense-n2048-lda2048-off0.log,True,20,5,1.722197473,20.576002121000002,11.947527762398478,4104,8938752
pivot,auto,pivot,dense,8192,8192,0,1,pivot-t1-auto-pivot-dense-n8192-lda8192-off0.log,True,20,5,18.527570724500002,113.5860862735,6.13065187889414,65544,34178304
pivot,auto,pivot,dense,16384,16384,0,1,pivot-t1-auto-pivot-dense-n16384-lda16384-off0.log,True,20,5,102.528312683,300.682632446,2.932679028627529,262152,67831040
pivot,auto,pivot,dense,32768,32768,0,1,pivot-t1-auto-pivot-dense-n32768-lda32768-off0.log,True,10,3,627.1831665039999,1113.869018555,1.7759867898940112,1048584,135136512
pivot,auto,pivot,dense,32768,32768,0,2,pivot-t2-auto-pivot-dense-n32768-lda32768-off0.log,True,10,3,626.931854248,1129.385803223,1.801449065907952,1048584,135136512
pivot,auto,pivot,dense,16384,16384,0,2,pivot-t2-auto-pivot-dense-n16384-lda16384-off0.log,True,20,5,103.1765327455,300.13644409150004,2.908960362448217,262152,67831040
pivot,auto,pivot,dense,8192,8192,0,2,pivot-t2-auto-pivot-dense-n8192-lda8192-off0.log,True,20,5,18.609066963,115.265014648,6.194024390216818,65544,34178304
pivot,auto,pivot,dense,2048,2048,0,2,pivot-t2-auto-pivot-dense-n2048-lda2048-off0.log,True,20,5,1.7089214925,20.655077933999998,12.086616046816438,4104,8938752
pivot,auto,pivot,dense,512,512,0,2,pivot-t2-auto-pivot-dense-n512-lda512-off0.log,True,20,5,0.3649599995,1.954678476,5.355870447933842,264,2628864
pivot,auto,pivot,dense,64,64,0,2,pivot-t2-auto-pivot-dense-n64-lda64-off0.log,True,20,20,0.0266009995,0.150471002,5.656592038957032,12,0
pivot,auto,pivot,dense,64,64,0,3,pivot-t3-auto-pivot-dense-n64-lda64-off0.log,True,20,20,0.026881500000000003,0.1506110055,5.602775347357848,12,0
pivot,auto,pivot,dense,512,512,0,3,pivot-t3-auto-pivot-dense-n512-lda512-off0.log,True,20,5,0.3668229875,1.9544780255,5.328123078709728,264,2628864
pivot,auto,pivot,dense,2048,2048,0,3,pivot-t3-auto-pivot-dense-n2048-lda2048-off0.log,True,20,5,1.7181155085,20.2687587735,11.797087374640855,4104,8938752
pivot,auto,pivot,dense,8192,8192,0,3,pivot-t3-auto-pivot-dense-n8192-lda8192-off0.log,True,20,5,18.557625771,117.6032562255,6.337193005005985,65544,34178304
pivot,auto,pivot,dense,16384,16384,0,3,pivot-t3-auto-pivot-dense-n16384-lda16384-off0.log,True,20,5,102.554069519,299.861785889,2.923938438478496,262152,67831040
pivot,auto,pivot,dense,32768,32768,0,3,pivot-t3-auto-pivot-dense-n32768-lda32768-off0.log,True,10,3,625.911621094,1112.969665527,1.7781578549088053,1048584,135136512
