matrix,trial,status,performance_valid,factorize_s,gflops,residual,backward_check,forward_check,refine_iterations,no_refine_pass,backend_ok,solution_error,solve_s,refine_s,exit_code,wall_s,log,log_sha256
CoupCons3D,1,full_check_pass,True,3.687428713,242.68,3.050941e-16,SUCCESS,SUCCESS,0.0,True,True,1.827705e-13,0.3508155346,0.01070642471,0,18.046813160181046,logs/CoupCons3D-trial1.log,50404d9020a4fd1578ca3f980275dc8c9a5cc20a35bc450fba0b17c99e8aed30
dielFilterV3real,1,forward_error_only,True,13.24481773,146.02,6.131891e-15,SUCCESS,FAILED,0.0,True,True,7.147077e-11,0.9406933784,0.04404377937,255,52.07385734189302,logs/dielFilterV3real-trial1.log,b48fdebf27593487162f7e4f04bbcf191ebc2b93dace16619161fe951f643d10
inline_1,1,forward_error_only,True,5.520380497,46.28,5.658057e-16,SUCCESS,FAILED,0.0,True,True,7.955475e-11,0.3754069805,0.02041196823,255,22.532706410624087,logs/inline_1-trial1.log,95127861fb916e0c357ae6a35f81112287e4a0dd0e481b3ced4022d624e48b95
audikw_1,1,forward_error_only,True,8.9190557,1270.0,6.305874e-16,SUCCESS,FAILED,0.0,True,True,6.198086e-11,1.764019489,0.04284882545,255,53.07287076301873,logs/audikw_1-trial1.log,644ec4667be17af570dfbfbe7a986a77e4b65b07d59c91f74053d0007f4c948f
nd6k,1,forward_error_only,True,0.4444885254,517.59,8.692726e-16,SUCCESS,FAILED,0.0,True,True,5.790612e-11,0.03917169571,0.003344297409,255,5.015567664057016,logs/nd6k-trial1.log,49e39b00339aad944aee71dcaf791a94f447967b463f73a13794b99582f07418
xenon2,1,full_check_pass,True,2.445873737,41.83,2.909169e-16,SUCCESS,SUCCESS,0.0,True,True,1.664918e-13,0.09746599197,0.002468824387,0,7.518559269607067,logs/xenon2-trial1.log,5bfdcee4c71b61db0c5d27063f9a42b10c02a0c84cc9af926c0d4081ecb2dfbe
radiation,1,forward_error_only,True,2.649307013,214.43,3.3436e-16,SUCCESS,FAILED,0.0,True,True,13412220.0,0.2358751297,0.00443148613,255,13.0385926021263,logs/radiation-trial1.log,857d0acbe41b2b7b1a00c0b7c10b81cf754fcbb45f604fbc2100e30478bcb6b3
dgreen,1,forward_error_only,True,13.65669346,209.68,8.70222e-16,SUCCESS,FAILED,0.0,True,True,1036882000.0,1.186243534,0.04008054733,255,64.5639499919489,logs/dgreen-trial1.log,de8cfc7db7a5e7962a3a6bda5e5338ca50bd22c7782647f2f666f8aac3e300dc
pwtk,1,forward_error_only,True,2.304778814,18.55,3.950336e-16,SUCCESS,FAILED,0.0,True,True,1.433644e-07,0.1089727879,0.005744457245,255,8.02905416302383,logs/pwtk-trial1.log,40cae353e52c0350d75b0c63c11934445b7573fef32ee3a7e5545d1dfba270f0
cage12,1,full_check_pass,True,2.252075672,1520.0,5.164928e-16,SUCCESS,SUCCESS,0.0,True,True,1.720846e-15,0.3585417271,0.002176046371,0,10.525664947926998,logs/cage12-trial1.log,cd3081bad2fc733762f471bfac43536bc4747a45f14956a4ca6159d757a04b3e
CoupCons3D,2,full_check_pass,True,3.638661385,245.93,3.051444e-16,SUCCESS,SUCCESS,0.0,True,True,1.827705e-13,0.3522601128,0.01143360138,0,17.531383384019136,logs/CoupCons3D-trial2.log,024884f424c2538c45751ed0d075d0a37361af63a94784c4a749c1d8ae997a76
dielFilterV3real,2,forward_error_only,True,11.52406621,167.82,5.764474e-15,SUCCESS,FAILED,0.0,True,True,7.159501e-11,0.9443669319,0.04187321663,255,50.55888498947024,logs/dielFilterV3real-trial2.log,b6ae92295b66f2e938d293f4cb055189e9b12021b76ba32cefaddc3598b8a497
inline_1,2,forward_error_only,True,5.495206118,46.49,6.467702e-16,SUCCESS,FAILED,0.0,True,True,7.963361e-11,0.3763329983,0.01950740814,255,23.051812482066453,logs/inline_1-trial2.log,99773e3c9651460be9100f247ae1838d25999e7fc4cf90a1f0b6e3e097be1a28
audikw_1,2,forward_error_only,True,8.809132814,1290.0,5.328942e-16,SUCCESS,FAILED,0.0,True,True,6.196293e-11,1.768192053,0.04214286804,255,52.56566406972706,logs/audikw_1-trial2.log,0daec0c55117ef85f0d8ce611dacd7f125f3a9f9ff4ac608daeb9ffc4fe18df2
nd6k,2,forward_error_only,True,0.4422695637,520.19,8.649473e-16,SUCCESS,FAILED,0.0,True,True,5.598e-11,0.03899335861,0.003434419632,255,5.0258724289014935,logs/nd6k-trial2.log,ecc3b9fc8d66795852265f230bbfca4349893d393d6df5139dfce4839fb16dd5
xenon2,2,full_check_pass,True,2.439302444,41.94,2.909519e-16,SUCCESS,SUCCESS,0.0,True,True,1.670192e-13,0.09744286537,0.002812623978,0,7.519092345610261,logs/xenon2-trial2.log,c383d52ab6371c75201acc909c8b9f6ff71111e820ad24eae892dd6aa6767e29
radiation,2,forward_error_only,True,2.65049386,214.33,3.310833e-16,SUCCESS,FAILED,0.0,True,True,13184900.0,0.2369410992,0.004420518875,255,13.028747785836458,logs/radiation-trial2.log,f7b4f3ed240d32e7eb3a095811f57ecd1fba6bec933b471bfc8d1566873e4131
dgreen,2,forward_error_only,True,13.82558084,207.12,8.704739e-16,SUCCESS,FAILED,0.0,True,True,1036896000.0,1.186294556,0.04107141495,255,65.07351705245674,logs/dgreen-trial2.log,e17d659224bb1fea6eda75efe1cfada51b8d26fd7de336d4a517b4a6786e2751
pwtk,2,forward_error_only,True,2.316509485,18.46,3.769592e-16,SUCCESS,FAILED,0.0,True,True,1.433645e-07,0.1096951962,0.005825281143,255,8.02779430244118,logs/pwtk-trial2.log,6f87eb063e36c4d020fbe00fe28f9ebc32fc3cebe56988fb70900d1a2edf90c6
cage12,2,full_check_pass,True,2.261178493,1510.0,5.164341e-16,SUCCESS,SUCCESS,0.0,True,True,1.720846e-15,0.3586814404,0.002137184143,0,10.522234913893044,logs/cage12-trial2.log,1d4821d8bbf6c167a7c4efdb8464dc0ba577b053ce5ad478ab44c15a1ddbdc49
CoupCons3D,3,full_check_pass,True,3.644263029,245.56,3.051306e-16,SUCCESS,SUCCESS,0.0,True,True,1.827705e-13,0.3503067493,0.01135826111,0,17.527889363467693,logs/CoupCons3D-trial3.log,3a822fb83d3a04c247ac0f8fc91845b3f19326d8f57b788d41a6a278e8b7417b
dielFilterV3real,3,forward_error_only,True,11.52604556,167.79,5.803293e-15,SUCCESS,FAILED,0.0,True,True,7.16564e-11,0.9438195229,0.04355406761,255,50.56525555625558,logs/dielFilterV3real-trial3.log,8136030ea60d33c57dd7a4e3b601b800acc77448aee8c1df9a90c655ce7f0f81
inline_1,3,forward_error_only,True,5.480337858,46.62,6.708896e-16,SUCCESS,FAILED,0.0,True,True,7.943503e-11,0.3770396709,0.02004027367,255,22.534398729912937,logs/inline_1-trial3.log,a50558a7abf44a0c33cb01f8e2445d84164fd871d4431fb0593536e8cdb5b6f8
audikw_1,3,forward_error_only,True,8.843788385,1290.0,6.706022e-16,SUCCESS,FAILED,0.0,True,True,6.189138e-11,1.804124117,0.04248166084,255,53.062937713228166,logs/audikw_1-trial3.log,c1553fc5272086bfb4d15bb38d0ea192e24a0e87dae19c26e9601f75193ef6dc
nd6k,3,forward_error_only,True,0.4451415539,516.83,8.838137e-16,SUCCESS,FAILED,0.0,True,True,5.821227e-11,0.03973841667,0.003438711166,255,5.015416986308992,logs/nd6k-trial3.log,df3818015854665adee681a3a2dd0ff6e72b095a32b6236967fb946858b95ce6
xenon2,3,full_check_pass,True,2.423392534,42.21,2.91332e-16,SUCCESS,SUCCESS,0.0,True,True,1.667833e-13,0.09622764587,0.002743244171,0,7.520851047709584,logs/xenon2-trial3.log,d8d33cc8df2304a62ff4f33980bef5e79773f8641f3fa9b5196c801e6fc44e5d
radiation,3,forward_error_only,True,2.641683817,215.05,3.318791e-16,SUCCESS,FAILED,0.0,True,True,13105560.0,0.2370247841,0.004376173019,255,13.026061081327498,logs/radiation-trial3.log,4c237297f1220659167b3d3cb46f14f42be58c28d34d83db10d360dcfc33a754
dgreen,3,forward_error_only,True,13.79606676,207.56,8.71528e-16,SUCCESS,FAILED,0.0,True,True,1036866000.0,1.187308311,0.02859020233,255,65.07147161755711,logs/dgreen-trial3.log,84dd0415bf1da5311df4d0c65fc4351e8106ceec1a6bc50ff510fbbd2cb0250e
pwtk,3,forward_error_only,True,2.30689168,18.54,3.909247e-16,SUCCESS,FAILED,0.0,True,True,1.433644e-07,0.1097407341,0.006078720093,255,8.019255001097918,logs/pwtk-trial3.log,4041853c1023b52f5cbaf6d9e8c2ba8fb82342376a4bb78d82c403cff0e3b4fe
cage12,3,full_check_pass,True,2.260776758,1510.0,5.165004e-16,SUCCESS,SUCCESS,0.0,True,True,1.720846e-15,0.3599717617,0.002097129822,0,10.522817332297564,logs/cage12-trial3.log,54f0e7e4a05600f0d60f88349e80b3080a5788d88c90c6c4dac4d23fb6db65e4
