case,n,lda,offset,phase,matrix,method,reference,repeats,warmup,validated,hybrid_ms,nohybrid_ms,speedup,speedup_min,speedup_max,hybrid_gflops,nohybrid_gflops,hybrid_scaled_residual,nohybrid_scaled_residual,roc_reference_ms
size-auto-npvt-dense-n1-lda1-off0,1,1,0,size,dense,auto,npvt,30,20,True,0.008474,0.007772,1.0825086178138554,0.9171583667689402,1.1399702823179791,0.0,0.0,0.0,0.0,0.013891500000000001
size-auto-npvt-dense-n2-lda2-off0,2,2,0,size,dense,auto,npvt,30,20,True,0.007712,0.00689,0.8987835666743172,0.8856327800829875,1.078247261345853,0.00038900414937759333,0.0004354136429608128,0.0,0.0,0.013260500000000001
size-auto-npvt-dense-n4-lda4-off0,4,4,0,size,dense,auto,npvt,30,20,True,0.007872,0.008293,1.0642967145790554,0.9898373983739838,1.0712676390371163,0.00431910569105691,0.004099843241287833,0.0,0.0,0.0147925
size-auto-npvt-dense-n8-lda8-off0,8,8,0,size,dense,auto,npvt,30,20,True,0.008213,0.007371,0.8974796055034702,0.8941289701636189,0.930747567844342,0.03750152197735298,0.04178537511870845,0.0072478,0.0072478,0.014161
size-auto-npvt-dense-n16-lda16-off0,16,16,0,size,dense,auto,npvt,30,20,True,0.009695,0.009554,0.9936557462298492,0.9753956100051047,1.0702423929860752,0.26817947395564723,0.27213732468076196,0.052688,0.052688,0.0152335
size-auto-npvt-dense-n32-lda32-off0,32,32,0,size,dense,auto,npvt,30,20,True,0.014102,0.014182,1.0042547156431711,0.9765200027542519,1.0085094312863423,1.5124095872925827,1.503878155408264,0.039941,0.039941,0.032951
size-auto-npvt-dense-n64-lda64-off0,64,64,0,size,dense,auto,npvt,30,20,True,0.026841,0.026861,1.0,0.9977646138370403,1.0037367811367288,6.43433553146306,6.429544693049403,0.024209,0.024209,0.08082349999999999
size-auto-npvt-dense-n128-lda128-off0,128,128,0,size,dense,auto,npvt,30,20,True,0.081305,0.081005,0.9963101900252136,0.9524842879165185,1.021163100108178,17.09474202078593,17.158051972100488,0.01764,0.01764,0.181087
size-auto-npvt-dense-n256-lda256-off0,256,256,0,size,dense,auto,npvt,30,5,True,0.171904,0.171022,0.9948692293373046,0.9926799842231038,0.9959135372095463,64.87341772151899,65.20798493761036,0.012395,0.012395,0.3772485
size-auto-npvt-dense-n512-lda512-off0,512,512,0,size,dense,auto,npvt,30,5,True,0.365841,0.365459,0.9966299518797319,0.9943636716497057,1.0015895680485858,244.22448003367583,244.4797583313039,0.0086935,0.0086935,0.766356
size-auto-npvt-dense-n768-lda768-off0,768,768,0,size,dense,auto,npvt,30,5,True,0.622115,0.62548,1.0054089677953435,1.0012470217319347,1.0228338840083653,484.95028732629817,482.3413186672635,0.0048321,0.0048321,1.5131320000000001
size-auto-npvt-dense-n1024-lda1024-off0,1024,1024,0,size,dense,auto,npvt,30,5,True,0.752332,0.753617,1.0009583534928728,0.997534018107693,1.019119058613202,950.7816017396575,949.1604143749411,0.0064646,0.0064646,1.973605
size-auto-npvt-dense-n1536-lda1536-off0,1536,1536,0,size,dense,auto,npvt,30,5,True,1.226021,1.228981,1.0074827429546476,0.9932859152282734,1.0079009502627228,1969.574093755327,1964.8303757340432,0.0032634,0.0032634,3.108385
size-auto-npvt-dense-n2048-lda2048-off0,2048,2048,0,size,dense,auto,npvt,30,5,True,1.728894,1.718155,0.9948793853180126,0.9881522588821922,1.009449664555709,3311.091118368159,3331.7864616405386,0.0043742,0.0043742,4.2989915
size-auto-npvt-dense-n2560-lda2560-off0,2560,2560,0,size,dense,auto,npvt,30,5,True,2.350949,2.337526,0.995663027994227,0.9940713605591743,1.0057876750082682,4756.178649558115,4783.490510907686,0.0031316,0.0031316,5.435681000000001
size-auto-npvt-dense-n3072-lda3072-off0,3072,3072,0,size,dense,auto,npvt,30,5,True,3.100447,3.078333,0.994363030891056,0.99286748007626,1.0013812185846873,6232.209009862127,6276.979692580368,0.0023644,0.0023644,6.671801
size-auto-npvt-dense-n4096-lda4096-off0,4096,4096,0,size,dense,auto,npvt,30,5,True,4.693271,4.734543,1.0090030513833521,1.0001912621606264,1.0134697101445878,9759.631438286859,9674.554693029506,0.0031381,0.0031381,9.425697
size-auto-npvt-dense-n5120-lda5120-off0,5120,5120,0,size,dense,auto,npvt,30,5,True,7.249137,7.885737,1.0889745042211252,1.0834984383837853,1.090329924789668,12341.521105201902,11345.214439690291,0.0019322,0.0022423,12.513539
size-auto-npvt-dense-n6144-lda6144-off0,6144,6144,0,size,dense,auto,npvt,30,5,True,10.278071,12.234326,1.1903714611133307,1.1864493544309003,1.194644306310007,15041.72789466039,12636.572481720694,0.0012301,0.0017166,16.452224
size-auto-npvt-dense-n8192-lda8192-off0,8192,8192,0,size,dense,auto,npvt,30,5,True,18.61138,27.634127,1.4836782186579651,1.477163595606559,1.4909859946129072,19690.65808811598,13261.51248157758,0.0012306,0.002192,26.286768000000002
size-auto-npvt-dense-n10240-lda10240-off0,10240,10240,0,size,dense,auto,npvt,30,5,True,31.172949,55.400761,1.7834155002302312,1.7761449518298704,1.7875576517332594,22961.428902988933,12919.957041023317,0.00074144,0.0015973,40.071625
size-auto-npvt-dense-n12288-lda12288-off0,12288,12288,0,size,dense,auto,npvt,30,5,True,48.630882,95.870026,1.9736568648038604,1.9576394064721538,1.9736806541982932,25433.943018512393,12901.5828339089,0.00047372,0.0012078,58.594091500000005
size-auto-npvt-dense-n16384-lda16384-off0,16384,16384,0,size,dense,auto,npvt,30,5,True,103.987217,225.449974,2.172634872995976,2.160660869212467,2.173883341470732,28194.780777179563,13004.644599976757,0.00049962,0.0015881,111.64600899999999
boundary-auto-npvt-dense-n7-lda7-off0,7,7,0,boundary,dense,auto,npvt,30,20,True,0.007752,0.008233,1.1209710602112193,0.9449099047400437,1.1291279669762642,0.026186790505675954,0.024656868699137618,0.059726,0.059726,0.014623
boundary-auto-npvt-dense-n15-lda15-off0,15,15,0,boundary,dense,auto,npvt,30,20,True,0.009895,0.009915,0.9454269833249117,0.9166127392068041,1.1178105623262775,0.2157655381505811,0.21533030761472516,0.040113,0.040113,0.0140815
boundary-auto-npvt-dense-n17-lda17-off0,17,17,0,boundary,dense,auto,npvt,30,20,True,0.011097,0.011037,1.0036045778138236,0.9752584607228063,1.0038047512991832,0.2818779850410021,0.2834103470145873,0.04722,0.04722,0.0158245
boundary-auto-npvt-dense-n31-lda31-off0,31,31,0,boundary,dense,auto,npvt,30,20,True,0.014282,0.014382,1.0086794347607775,1.0055936232694729,1.011202912757317,1.3566027167063437,1.3471700737032402,0.029037,0.029037,0.033341499999999996
boundary-auto-npvt-dense-n33-lda33-off0,33,33,0,boundary,dense,auto,npvt,30,20,True,0.015945,0.015945,1.0,0.9837540614846289,1.017690757995467,1.468046409532769,1.468046409532769,0.027589,0.027589,0.037508
boundary-auto-npvt-dense-n63-lda63-off0,63,63,0,boundary,dense,auto,npvt,30,20,True,0.026781,0.026781,1.0,0.9910145035606427,1.0029894249093831,6.1499943990142265,6.1499943990142265,0.020393,0.020393,0.079051
boundary-auto-npvt-dense-n65-lda65-off0,65,65,0,boundary,dense,auto,npvt,30,20,True,0.062836,0.063197,1.0076694942279483,0.9662337256860969,1.0133999618053344,2.8798777770704693,2.863427061411143,0.025662,0.025662,0.108656
boundary-auto-npvt-dense-n127-lda127-off0,127,127,0,boundary,dense,auto,npvt,30,20,True,0.081725,0.081384,0.9958274701743651,0.9894595090897962,0.9978023319699653,16.610620985010705,16.680219699203775,0.014725,0.014725,0.180096
boundary-auto-npvt-dense-n129-lda129-off0,129,129,0,boundary,dense,auto,npvt,30,5,True,0.107425,0.107324,0.9990598091691878,0.9922012485412073,1.0035559620697379,13.244440307191063,13.256904327084342,0.018029,0.018029,0.20446350000000002
boundary-auto-npvt-dense-n255-lda255-off0,255,255,0,boundary,dense,auto,npvt,30,5,True,0.172445,0.174427,1.0024136960007357,1.0015077271013948,1.0260261654048097,63.91426251848416,63.188009883790926,0.0096654,0.0096654,0.37194
boundary-auto-npvt-dense-n257-lda257-off0,257,257,0,boundary,dense,auto,npvt,30,5,True,0.198464,0.197362,0.997160526262606,0.9923311028700419,1.0131683183115854,56.853273137697514,57.17072182081657,0.012399,0.012399,0.4049605
boundary-auto-npvt-dense-n511-lda511-off0,511,511,0,boundary,dense,auto,npvt,30,5,True,0.372992,0.368065,0.9861032224877563,0.9844795598833219,1.0117173937410635,238.14069738761154,241.32850175920015,0.0066249,0.0066249,0.789541
boundary-auto-npvt-dense-n513-lda513-off0,513,513,0,boundary,dense,auto,npvt,30,5,True,0.406724,0.409748,1.0083299906733636,1.0018710476883588,1.011374808289748,220.96588349839203,219.33512305124125,0.0091961,0.0091961,1.0413565
boundary-auto-npvt-dense-n767-lda767-off0,767,767,0,boundary,dense,auto,npvt,30,5,True,0.619871,0.624537,1.0163676691238828,0.9875523593117745,1.0241711581925919,484.80652103421517,481.1844662525999,0.0048525,0.0048525,1.5513284999999999
boundary-auto-npvt-dense-n769-lda769-off0,769,769,0,boundary,dense,auto,npvt,30,5,True,0.653361,0.659531,1.0097801980834484,0.9917476042037896,1.0261729910977828,463.5649571982411,459.2282455259874,0.0047417,0.0047417,1.514764
boundary-auto-npvt-dense-n895-lda895-off0,895,895,0,boundary,dense,auto,npvt,30,5,True,0.740576,0.736671,0.994727077301992,0.993562795764818,1.0135599105786146,644.8281540314566,648.2463066959334,0.0039745,0.0039745,1.716402
boundary-auto-npvt-dense-n896-lda896-off0,896,896,0,boundary,dense,auto,npvt,30,5,True,0.651981,0.656747,1.004042176843708,0.9905365340401023,1.0207508660989422,734.9097596402349,729.5765340382217,0.0039085,0.0039085,1.6987355
boundary-auto-npvt-dense-n897-lda897-off0,897,897,0,boundary,dense,auto,npvt,30,5,True,0.696608,0.692602,0.9942492764940972,0.991031583176685,1.0204764063632503,690.1352381827369,694.1269704678878,0.0038758,0.0038758,1.757565
boundary-auto-npvt-dense-n1023-lda1023-off0,1023,1023,0,boundary,dense,auto,npvt,30,5,True,0.771303,0.76954,0.9992455730982533,0.9814311617335343,1.0204653683442175,924.6811473571346,926.7995724718663,0.0048718,0.0048718,2.2069135
boundary-auto-npvt-dense-n1025-lda1025-off0,1025,1025,0,boundary,dense,auto,npvt,30,5,True,0.802911,0.811543,1.0045117081611787,0.9898967631530767,1.0147925629821049,893.500774058395,883.9970278839199,0.0063776,0.0063776,2.1804214999999996
boundary-auto-npvt-dense-n2047-lda2047-off0,2047,2047,0,boundary,dense,auto,npvt,30,5,True,1.745738,1.745756,1.0013656115637053,0.9985682899387334,1.0027589560912253,3274.3419132767917,3274.308152456586,0.0035988,0.0035988,4.5304215
boundary-auto-npvt-dense-n2049-lda2049-off0,2049,2049,0,boundary,dense,auto,npvt,30,5,True,1.795092,1.79908,1.002452336398661,0.9989176042230705,1.0062069976095958,3193.661508156685,3186.582155323832,0.0043786,0.0043786,4.454095000000001
boundary-auto-npvt-dense-n2559-lda2559-off0,2559,2559,0,boundary,dense,auto,npvt,30,5,True,2.378503,2.38201,1.0024351451312024,0.9916855040877167,1.002495285303826,4695.572769510906,4688.659543410817,0.0031693,0.0031693,5.735445
boundary-auto-npvt-dense-n2561-lda2561-off0,2561,2561,0,boundary,dense,auto,npvt,30,5,True,2.518503,2.511132,0.9930352004203976,0.9890417543430291,0.99707326137789,4444.959247616541,4458.006667909134,0.0032378,0.0032378,5.7145395
boundary-auto-npvt-dense-n3071-lda3071-off0,3071,3071,0,boundary,dense,auto,npvt,30,5,True,3.130259,3.126192,0.9987007464877506,0.9973727735348659,1.0026264649930468,6166.827912642372,6174.850608983709,0.0024184,0.0024184,7.1296634999999995
boundary-auto-npvt-dense-n3073-lda3073-off0,3073,3073,0,boundary,dense,auto,npvt,30,5,True,3.194978,3.228412,1.0063341844896985,1.0019183230682653,1.0148986849811334,6053.722801221166,5991.029387822868,0.0023628,0.0023628,6.9751885
boundary-auto-npvt-dense-n4095-lda4095-off0,4095,4095,0,boundary,dense,auto,npvt,30,5,True,4.774697,4.775558,1.0001803255787751,0.9929847182045641,1.0016104509492993,9586.169144345704,9584.44082450679,0.0025608,0.0025608,9.934066
boundary-auto-npvt-dense-n4097-lda4097-off0,4097,4097,0,boundary,dense,auto,npvt,30,5,True,4.983013,4.842166,0.9705114154829618,0.969910956333069,0.9862707524210614,9198.88303080887,9466.456484143666,0.0029066,0.0030828,9.744712
boundary-auto-npvt-dense-n8191-lda8191-off0,8191,8191,0,boundary,dense,auto,npvt,30,5,True,19.402291,27.662486,1.425909700819769,1.422933817454856,1.431139606245375,18881.07579537901,13243.065969378167,0.0010001,0.0018055,27.7235985
boundary-auto-npvt-dense-n8193-lda8193-off0,8193,8193,0,boundary,dense,auto,npvt,30,5,True,19.947061,27.983976,1.4031113990873498,1.4027751753094513,1.4196582143103686,18378.875266286097,13100.516740294517,0.00114,0.0022428,27.7740935
padding-auto-npvt-dense-n64-lda65-off0,64,65,0,padding,dense,auto,npvt,30,20,True,0.026881,0.026902,1.000781220936721,0.9992565332143786,1.005965474814511,6.424760983594361,6.419745743810869,0.024209,0.024209,0.079702
padding-auto-npvt-dense-n64-lda81-off0,64,81,0,padding,dense,auto,npvt,30,20,True,0.026982,0.026981,0.9999629382551332,0.9955927558238583,1.003720099698672,6.400711585501446,6.400948815833364,0.024209,0.024209,0.078761
padding-auto-npvt-dense-n64-lda192-off0,64,192,0,padding,dense,auto,npvt,30,20,True,0.026881,0.026942,1.0030155243661816,1.0022320598192032,1.0044574867204041,6.424760983594361,6.4102145349268795,0.024209,0.024209,0.080193
padding-auto-npvt-dense-n512-lda513-off0,512,513,0,padding,dense,auto,npvt,30,5,True,0.368626,0.371028,1.0084204586762735,0.9983801092484461,1.0108805433174466,242.37934383358743,240.8102030035469,0.0086935,0.0086935,0.779725
padding-auto-npvt-dense-n512-lda529-off0,512,529,0,padding,dense,auto,npvt,30,5,True,0.36618,0.364098,0.9943142716696706,0.9777376476509073,1.011519298332494,243.99838330875525,245.39362479332488,0.0086935,0.0086935,0.784482
padding-auto-npvt-dense-n512-lda640-off0,512,640,0,padding,dense,auto,npvt,30,5,True,0.361635,0.360292,0.9980588162097143,0.9946360787886318,0.9982189101174797,247.06493563952606,247.98587812107957,0.0086935,0.0086935,0.7657430000000001
padding-auto-npvt-dense-n2048-lda2049-off0,2048,2049,0,padding,dense,auto,npvt,30,5,True,1.750383,1.750404,0.9984182919613295,0.993271148103971,1.0056410511299527,3270.4417079004993,3270.4024716579715,0.0043742,0.0043742,4.294386
padding-auto-npvt-dense-n2048-lda2065-off0,2048,2065,0,padding,dense,auto,npvt,30,5,True,1.77388,1.76783,0.995566263051873,0.9945565652693531,1.0028145634395689,3227.1210950007894,3238.1651900918073,0.0043742,0.0043742,4.267998
padding-auto-npvt-dense-n2048-lda2176-off0,2048,2176,0,padding,dense,auto,npvt,30,5,True,1.743113,1.73566,1.0001709585092877,0.9915812165497551,1.0027071463811703,3284.0817365254,3298.183727227683,0.0043742,0.0043742,4.272385
padding-auto-npvt-dense-n4096-lda4097-off0,4096,4097,0,padding,dense,auto,npvt,30,5,True,4.767046,4.79533,1.0059332341244454,1.001656284104738,1.0118810271046765,9608.590980661818,9551.917219461435,0.0031381,0.0031381,9.5351805
padding-auto-npvt-dense-n4096-lda4113-off0,4096,4113,0,padding,dense,auto,npvt,30,5,True,4.784814,4.794451,1.0018631863223941,1.0009410203146867,1.0039677495752803,9572.910294945634,9553.668438784753,0.0031381,0.0031381,9.503277
padding-auto-npvt-dense-n4096-lda4224-off0,4096,4224,0,padding,dense,auto,npvt,30,5,True,4.757575,4.758093,0.9960801458726347,0.9905673104187406,1.0025136201793596,9627.718995496656,9626.670853217875,0.0031381,0.0031381,9.441232
padding-auto-npvt-dense-n8192-lda8193-off0,8192,8193,0,padding,dense,auto,npvt,30,5,True,19.303017,27.512042,1.4318497418634282,1.4252716039155953,1.4332469378370467,18985.131709100187,13320.360594389904,0.0012306,0.002192,26.8831065
padding-auto-npvt-dense-n8192-lda8209-off0,8192,8209,0,padding,dense,auto,npvt,30,5,True,19.251925,27.668712,1.4357723708148666,1.4238460597921736,1.444565431752711,19035.515675860985,13244.936017549353,0.0012306,0.002192,26.991339500000002
padding-auto-npvt-dense-n8192-lda8320-off0,8192,8320,0,padding,dense,auto,npvt,30,5,True,18.758167,28.02995,1.4923225969011202,1.487186941026807,1.4985908248973958,19536.574129444525,13074.24095041197,0.0012306,0.002192,26.357308
padding-auto-npvt-dense-n16384-lda16385-off0,16384,16385,0,padding,dense,auto,npvt,30,5,True,108.407185,224.059875,2.065622379274258,2.065513132698356,2.066836021985074,27045.22571030693,13085.32724542491,0.00049962,0.0015881,115.6822375
padding-auto-npvt-dense-n16384-lda16401-off0,16384,16401,0,padding,dense,auto,npvt,30,5,True,108.661301,224.353996,2.0647092749239215,2.0592455366402587,2.0707415404081875,26981.977575843677,13068.172794854076,0.00049962,0.0015881,116.03396000000001
padding-auto-npvt-dense-n16384-lda16512-off0,16384,16512,0,padding,dense,auto,npvt,30,5,True,105.325546,224.175529,2.1269294717639027,2.122238790599012,2.1285487473285922,27836.521131767975,13078.576417428683,0.00049962,0.0015881,112.9817405
stride-auto-npvt-dense-n64-lda128-off0,64,128,0,stride,dense,auto,npvt,30,20,True,0.026902,0.026922,1.0007434391495058,0.996993541682132,1.0030132807559242,6.419745743810869,6.414976599063962,0.024209,0.024209,0.081094
stride-auto-npvt-dense-n512-lda1024-off0,512,1024,0,stride,dense,auto,npvt,30,5,True,0.359732,0.362515,1.0106102718359449,0.9977677826826638,1.0128331386816767,248.3719213192043,246.46518902666097,0.0086935,0.0086935,0.7733655
stride-auto-npvt-dense-n2048-lda4096-off0,2048,4096,0,stride,dense,auto,npvt,30,5,True,1.729452,1.718153,1.0034276753561244,0.9867217078085787,1.0036151461128855,3310.0228095373564,3331.7903399755437,0.0043742,0.0043742,4.2740865
stride-auto-npvt-dense-n8192-lda16384-off0,8192,16384,0,stride,dense,auto,npvt,30,5,True,18.749032,27.813088,1.4842496401947578,1.4794829366306175,1.490335489194794,19546.092839779674,13176.182383200312,0.0012306,0.002192,26.4248905
offset-auto-npvt-dense-n64-lda64-off1,64,64,1,offset,dense,auto,npvt,30,20,True,0.026881,0.026861,0.9992559800602656,0.9992554260824243,1.028873188667003,6.424760983594361,6.429544693049403,0.024209,0.024209,0.08125450000000001
offset-auto-npvt-dense-n512-lda512-off1,512,512,1,offset,dense,auto,npvt,30,5,True,0.372331,0.37149,0.9977412571072513,0.9958796489309287,1.0122583472744084,239.96746980509278,240.51072168833616,0.0086935,0.0086935,0.7971820000000001
offset-auto-npvt-dense-n2048-lda2048-off1,2048,2048,1,offset,dense,auto,npvt,30,5,True,1.768751,1.762883,1.005922823506531,0.9954189619852332,1.006161450979606,3236.479056690286,3247.2521250701266,0.0043742,0.0043742,4.2813555
offset-auto-npvt-dense-n8192-lda8192-off1,8192,8192,1,offset,dense,auto,npvt,30,5,True,19.334319,28.594356,1.4820343537028888,1.4781258223807512,1.4823924752663902,18954.39503858398,12816.176735296993,0.0012306,0.002192,27.0776585
input-auto-npvt-signed-n64-lda64-off0,64,64,0,input,signed,auto,npvt,20,20,True,0.026801,0.026861,0.9992532018968672,0.8892604118387075,1.00223872243573,6.443938659005261,6.429544693049403,0.02554,0.02554,0.08100450000000001
input-auto-npvt-signed-n512-lda512-off0,512,512,0,input,signed,auto,npvt,20,5,True,0.367843,0.36554,0.9849405462790566,0.9814322958436071,1.0027912876830671,242.89527869226816,244.42558406740713,0.0088658,0.0088658,0.7739465
input-auto-npvt-signed-n2048-lda2048-off0,2048,2048,0,input,signed,auto,npvt,20,5,True,1.727728,1.711124,0.9923793572214,0.9861383004471534,0.9947943194762139,3313.3256901549316,3345.476755629633,0.0044649,0.0044649,4.3378555
input-auto-npvt-signed-n8192-lda8192-off0,8192,8192,0,input,signed,auto,npvt,20,5,True,18.573927,27.5802,1.4848879291923565,1.474209899483744,1.4988141749526276,19730.362896763836,13287.44244523245,0.0012355,0.0022448,26.312486999999997
input-auto-npvt-signed-n16384-lda16384-off0,16384,16384,0,input,signed,auto,npvt,20,5,True,103.077904,224.061752,2.1730149611405873,2.1653385870166706,2.17786571683978,28443.50411843842,13085.217627611873,0.00049351,0.0015793,110.77125699999999
input-auto-npvt-column_scaled-n64-lda64-off0,64,64,0,input,column_scaled,auto,npvt,20,20,True,0.026801,0.026841,1.0022403943093985,0.9940522657150291,1.0104846834073355,6.443938659005261,6.43433553146306,0.018726,0.018726,0.0803735
input-auto-npvt-column_scaled-n512-lda512-off0,512,512,0,input,column_scaled,auto,npvt,20,5,True,0.422387,0.424431,1.0036947908885463,0.9972016184210214,1.0077068271662097,211.5295404451368,210.51084392987318,0.0071848,0.0071848,0.7750785
input-auto-npvt-column_scaled-n2048-lda2048-off0,2048,2048,0,input,column_scaled,auto,npvt,20,5,True,1.953995,1.983882,1.0087179977383847,1.0067139407797567,1.0159713817077323,2929.652106581644,2885.517166847625,0.0034412,0.0034412,4.3175755
input-auto-npvt-column_scaled-n8192-lda8192-off0,8192,8192,0,input,column_scaled,auto,npvt,20,5,True,18.987528,27.813989,1.4611617085964137,1.4571569822043184,1.4693626820089365,19300.5808933106,13175.755556960923,0.0009382,0.0016783,26.4952325
input-auto-npvt-column_scaled-n16384-lda16384-off0,16384,16384,0,input,column_scaled,auto,npvt,20,5,True,105.259834,224.352936,2.1314201958555246,2.126888110346583,2.139222787310497,27853.899018537308,13068.234538031631,0.00037948,0.0012062,112.728449
input-auto-npvt-identity-n64-lda64-off0,64,64,0,input,identity,auto,npvt,20,20,True,0.026922,0.026901,0.9925708554659931,0.9371864548494984,1.0595052373523512,6.414976599063962,6.419984387197502,0.0,0.0,0.08086399999999999
input-auto-npvt-identity-n512-lda512-off0,512,512,0,input,identity,auto,npvt,20,5,True,0.3657,0.362976,0.9953301396570684,0.9732225250117041,0.9954006015859994,244.3186436970194,246.15216433042406,0.0,0.0,0.7638605
input-auto-npvt-identity-n2048-lda2048-off0,2048,2048,0,input,identity,auto,npvt,20,5,True,1.706335,1.724166,1.0059487622303775,1.0011557787169503,1.015436593634896,3354.8661710625406,3320.1707770597495,0.0,0.0,4.290329
input-auto-npvt-identity-n8192-lda8192-off0,8192,8192,0,input,identity,auto,npvt,20,5,True,14.587778,25.142956,1.72399170041376,1.7235631087887409,1.7244803171902074,25121.73684902526,14575.466787914675,0.0,0.0,21.523197
input-auto-npvt-identity-n16384-lda16384-off0,16384,16384,0,input,identity,auto,npvt,20,5,True,65.992992,188.885323,2.8663746144439095,2.8509912455041926,2.868927575487479,44427.39597174197,15522.099548962839,0.0,0.0,72.749462
input-auto-npvt-known_lu-n64-lda64-off0,64,64,0,input,known_lu,auto,npvt,20,20,True,0.02674,0.026861,1.005983321491343,1.0037771129394166,1.0075015940887437,6.458638743455498,6.429544693049403,0.019442,0.019442,0.0799425
input-auto-npvt-known_lu-n512-lda512-off0,512,512,0,input,known_lu,auto,npvt,20,5,True,0.36606,0.363677,0.997575577655732,0.9901280414262883,1.0035595257608043,244.07836966617495,245.67769751730245,0.0059313,0.0059313,0.7737765
input-auto-npvt-random-n64-lda64-off0,64,64,0,input,random,auto,npvt,20,20,True,0.026821,0.026741,0.9970172625927445,0.9933286386716578,1.0,6.439133514783192,6.458397217755507,17.31,17.31,0.08007249999999999
input-auto-npvt-random-n512-lda512-off0,512,512,0,input,random,auto,npvt,20,5,True,0.367363,0.365781,0.9912092676647924,0.988278623595735,1.013154989290525,243.21264798033553,244.26454080447044,12.398,12.398,0.778413
input-auto-npvt-random-n2048-lda2048-off0,2048,2048,0,input,random,auto,npvt,20,5,False,,,,,,,,,,
input-auto-npvt-scale_low-n65-lda65-off0,65,65,0,input,scale_low,auto,npvt,20,20,True,0.073894,0.073793,1.003829740671846,0.9986331772539042,1.0146070146070145,2.4489133082523615,2.452265119997832,0.025662,0.025662,0.1051915
input-auto-npvt-scale_low-n2048-lda2048-off0,2048,2048,0,input,scale_low,auto,npvt,20,5,True,1.957941,1.958066,0.9980552054468634,0.9905461175239814,1.0064853843910517,2923.7477370359984,2923.561089360624,0.0043742,0.0043742,4.330925499999999
input-auto-npvt-scale_high-n65-lda65-off0,65,65,0,input,scale_high,auto,npvt,20,20,True,0.072732,0.073532,1.010999285046472,0.9547861932218423,1.0179270241966598,2.488038277511962,2.4609693738780396,0.025662,0.025662,0.10760549999999999
input-auto-npvt-scale_high-n2048-lda2048-off0,2048,2048,0,input,scale_high,auto,npvt,20,5,True,1.96694,1.944138,1.0033799737715274,0.9776017373956741,1.0065370575614914,2910.371220271081,2944.505774795822,0.0043742,0.0043742,4.2444545
static-static-npvt-dense-n64-lda64-off0,64,64,0,static,dense,static,npvt,20,20,True,0.076938,0.076337,0.9965926003289903,0.9699316976380358,1.0051989913956692,2.244716524994151,2.2623891428795995,0.024209,0.024209,0.08010300000000001
static-static-npvt-dense-n512-lda512-off0,512,512,0,static,dense,static,npvt,20,5,True,0.697288,0.696849,0.999370417962162,0.9983093853428572,1.0012132862044172,128.13547343421942,128.21619604821132,0.0086935,0.0086935,0.7749375000000001
static-static-npvt-dense-n2048-lda2048-off0,2048,2048,0,static,dense,static,npvt,20,5,True,3.004853,3.007347,1.0005998914006915,0.9999131405097021,1.0015541218695283,1905.0933832703297,1903.513484809036,0.0043742,0.0043742,4.259243
static-static-npvt-dense-n4096-lda4096-off0,4096,4096,0,static,dense,static,npvt,20,5,True,6.675748,6.674004,1.001003023808507,0.996912322106749,1.0050259536459436,6861.342758893835,6863.135712834454,0.0031381,0.0031381,9.352576
static-static-npvt-dense-n8192-lda8192-off0,8192,8192,0,static,dense,static,npvt,20,5,True,28.57524,28.458177,0.9936506706874343,0.992511083459765,1.0019948738838238,12824.750382778937,12877.505123676756,0.002192,0.002192,26.334197
pivot-auto-pivot-dense-n64-lda64-off0,64,64,0,pivot,dense,auto,pivot,20,20,True,0.026901,0.026781,0.9955391992862718,0.9858741310731942,0.997767940180797,6.419984387197502,6.448750980172511,0.024209,0.024209,0.151672
pivot-auto-pivot-dense-n512-lda512-off0,512,512,0,pivot,dense,auto,pivot,20,5,True,0.3643,0.367024,1.0074773538292616,1.0002183513382208,1.016447142617869,245.25755695855065,243.4372902044553,0.0086935,0.0086935,1.9550290000000001
pivot-auto-pivot-dense-n2048-lda2048-off0,2048,2048,0,pivot,dense,auto,pivot,20,5,True,1.70682,1.721076,1.0049949774454443,0.9993020871195011,1.0086851571929085,3353.912871890416,3326.1317733789792,0.0043742,0.0043742,20.5458415
pivot-auto-pivot-dense-n8192-lda8192-off0,8192,8192,0,pivot,dense,auto,pivot,20,5,True,18.557881,27.397194,1.4761568705545076,1.4653294786640558,1.4853101493645748,19747.422678699146,13376.199041697482,0.0012306,0.002192,121.0656665
pivot-auto-pivot-dense-n16384-lda16384-off0,16384,16384,0,pivot,dense,auto,pivot,20,5,True,102.288368,222.748131,2.1771001762390028,2.175483618461136,2.1860331872659784,28663.051765025717,13162.385577744757,0.00049962,0.0015881,305.4083405
