matrix,case,trial,backend,status,exit_code,factorize_s,gflops,pastix_numfact_s,stage_numfact_s,solve_refine_s,residual,solution_error,x_norm,log
cage12,1d_update2,1,rocsolver,ok,0,2.803729,1220.0,2.803729296,3.466323853,0.5521318913,4.073669e-16,1.332268e-15,0.4999959,logs/cage12-1d_update2-trial1-rocsolver.log
cage12,1d_update2,1,ck,ok,0,3.105411,1100.0,3.105410576,3.765568972,0.5931959152,4.322925e-16,1.387779e-15,0.4999959,logs/cage12-1d_update2-trial1-ck.log
cage12,1d_update0,1,rocsolver,ok,0,2.998885,1140.0,2.998885155,3.668012857,0.5492150784,4.073249e-16,1.332268e-15,0.4999959,logs/cage12-1d_update0-trial1-rocsolver.log
cage12,1d_update0,1,ck,ok,0,2.83082,1210.0,2.830819845,3.479129791,0.5483241081,4.323226e-16,1.387779e-15,0.4999959,logs/cage12-1d_update0-trial1-ck.log
cage12,1d_update1,1,rocsolver,ok,0,2.533008,1350.0,2.533008337,3.187618971,0.5512988567,4.073765e-16,1.332268e-15,0.4999959,logs/cage12-1d_update1-trial1-rocsolver.log
cage12,1d_update1,1,ck,ok,0,2.453111,1390.0,2.453110933,3.119403839,0.5548858643,4.323558e-16,1.387779e-15,0.4999959,logs/cage12-1d_update1-trial1-ck.log
cage12,1d_update3,1,rocsolver,ok,0,3.004837,1140.0,3.004837275,3.671591997,0.5517680645,4.073736e-16,1.332268e-15,0.4999959,logs/cage12-1d_update3-trial1-rocsolver.log
cage12,1d_update3,1,ck,ok,0,2.810087,1210.0,2.810086727,3.455673933,0.5513501167,4.322812e-16,1.387779e-15,0.4999959,logs/cage12-1d_update3-trial1-ck.log
cage12,2d,1,rocsolver,ok,0,27.96635,124.95,27.96634507,28.619488,0.3690340519,4.073591e-16,1.332268e-15,0.4999959,logs/cage12-2d-trial1-rocsolver.log
cage12,2d,1,ck,ok,0,28.18355,123.99,28.1835494,28.83248591,0.3688268661,4.321295e-16,1.387779e-15,0.4999959,logs/cage12-2d-trial1-ck.log
nd24k,1d_update1,1,rocsolver,ok,0,1.316977,2990.0,1.316977024,3.209937096,0.531637907,8.197424e-16,9.343616e-12,0.4999959,logs/nd24k-1d_update1-trial1-rocsolver.log
nd24k,1d_update1,1,ck,ok,0,1.12314,3500.0,1.123139858,3.033143044,0.5306761265,8.343244e-16,1.578615e-11,0.4999959,logs/nd24k-1d_update1-trial1-ck.log
nd24k,1d_update0,1,rocsolver,ok,0,1.81233,2170.0,1.812330008,3.725946188,0.5282120705,8.189666e-16,9.649948e-12,0.4999959,logs/nd24k-1d_update0-trial1-rocsolver.log
nd24k,1d_update0,1,ck,ok,0,1.668345,2360.0,1.668345213,3.560138941,0.5303459167,8.345005e-16,1.517839e-11,0.4999959,logs/nd24k-1d_update0-trial1-ck.log
nd24k,1d_update2,1,rocsolver,ok,0,1.266012,3110.0,1.266011715,3.199323893,0.5324161053,8.210125e-16,9.569956e-12,0.4999959,logs/nd24k-1d_update2-trial1-rocsolver.log
nd24k,1d_update2,1,ck,ok,0,1.152575,3410.0,1.152575254,3.068325043,0.5314409733,8.350694e-16,1.49524e-11,0.4999959,logs/nd24k-1d_update2-trial1-ck.log
nd24k,1d_update3,1,rocsolver,ok,0,1.782892,2210.0,1.782891989,3.685943842,0.5285730362,8.182976e-16,9.469259e-12,0.4999959,logs/nd24k-1d_update3-trial1-rocsolver.log
nd24k,1d_update3,1,ck,ok,0,1.655484,2380.0,1.6554842,3.547314167,0.5265738964,8.342735e-16,1.541039e-11,0.4999959,logs/nd24k-1d_update3-trial1-ck.log
nd24k,2d,1,rocsolver,ok,0,3.663929,1070.0,3.663929224,5.559062958,0.3832089901,8.168534e-16,9.459822e-12,0.4999959,logs/nd24k-2d-trial1-rocsolver.log
nd24k,2d,1,ck,ok,0,3.533897,1110.0,3.533896923,5.427983046,0.3828480244,8.387259e-16,1.461412e-11,0.4999959,logs/nd24k-2d-trial1-ck.log
SiO2,1d_update1,1,rocsolver,ok,0,3.916281,5920.0,3.916280746,5.80717802,1.629171133,1.75437e-15,4.504175e-13,0.4999959,logs/SiO2-1d_update1-trial1-rocsolver.log
SiO2,1d_update1,1,ck,ok,0,3.550661,6530.0,3.55066061,5.486036062,1.636074066,1.552483e-15,2.200462e-13,0.4999959,logs/SiO2-1d_update1-trial1-ck.log
Si87H76,1d_update2,1,rocsolver,ok,0,8.937189,6260.0,8.937188864,11.831774,6.201300859,3.161216e-16,1.650902e-13,0.4999998,logs/Si87H76-1d_update2-trial1-rocsolver.log
Si87H76,1d_update2,1,ck,ok,0,8.394321,6660.0,8.394320965,11.26689482,6.190057039,3.133968e-16,1.233458e-13,0.4999998,logs/Si87H76-1d_update2-trial1-ck.log
CoupCons3D,1d_update3,1,rocsolver,ok,0,4.201543,212.99,4.201542854,6.505777121,0.5738320351,2.670524e-16,1.296185e-13,0.4999998,logs/CoupCons3D-1d_update3-trial1-rocsolver.log
CoupCons3D,1d_update3,1,ck,ok,0,3.960108,225.97,3.960107803,6.056052923,0.5735058784,2.816343e-16,1.263434e-13,0.4999998,logs/CoupCons3D-1d_update3-trial1-ck.log
Hook_1498,1d_update1,1,rocsolver,ok,0,21.05229,782.11,21.05228877,28.32791901,3.594656944,3.673152e-16,7.842615e-13,0.4999998,logs/Hook_1498-1d_update1-trial1-rocsolver.log
Hook_1498,1d_update1,1,ck,ok,0,20.18738,815.62,20.1873827,27.87357306,3.597879887,3.789636e-16,3.271827e-13,0.4999998,logs/Hook_1498-1d_update1-trial1-ck.log
ldoor,1d_update3,1,rocsolver,ok,0,13.64421,10.34,13.64421082,16.47088218,0.6762809753,2.969183e-16,5.885237e-12,0.4999998,logs/ldoor-1d_update3-trial1-rocsolver.log
ldoor,1d_update3,1,ck,ok,0,14.02468,10.06,14.02468038,16.88586092,0.6864089966,3.030722e-16,8.356538e-12,0.4999998,logs/ldoor-1d_update3-trial1-ck.log
xenon2,1d_update3,1,rocsolver,ok,0,2.635376,38.82,2.635376215,3.033557177,0.1473889351,2.742678e-16,3.614331e-13,0.4999959,logs/xenon2-1d_update3-trial1-rocsolver.log
xenon2,1d_update3,1,ck,ok,0,2.530922,40.42,2.530922174,2.931422949,0.1465520859,2.77218e-16,1.650069e-13,0.4999959,logs/xenon2-1d_update3-trial1-ck.log
G3_circuit,1d_update3,1,rocsolver,ok,0,163.8764,0.54504,163.87643,165.1038351,1.264465809,2.000664e-16,1.629252e-13,0.4999998,logs/G3_circuit-1d_update3-trial1-rocsolver.log
G3_circuit,1d_update3,1,ck,ok,0,167.3684,0.53367,167.3683953,168.605315,1.243607998,2.012572e-16,1.686429e-13,0.4999998,logs/G3_circuit-1d_update3-trial1-ck.log
cage12,1d_update2,2,ck,ok,0,2.436883,1400.0,2.436883211,3.111437082,0.5614638329,4.322964e-16,1.387779e-15,0.4999959,logs/cage12-1d_update2-trial2-ck.log
cage12,1d_update2,2,rocsolver,ok,0,2.588693,1320.0,2.588693142,3.262071133,0.5584249496,4.074085e-16,1.332268e-15,0.4999959,logs/cage12-1d_update2-trial2-rocsolver.log
cage12,1d_update0,2,ck,ok,0,2.850101,1200.0,2.850101233,3.52147603,0.5557200909,4.322954e-16,1.387779e-15,0.4999959,logs/cage12-1d_update0-trial2-ck.log
cage12,1d_update0,2,rocsolver,ok,0,3.01068,1130.0,3.010680437,3.672564983,0.5548210144,4.073458e-16,1.332268e-15,0.4999959,logs/cage12-1d_update0-trial2-rocsolver.log
cage12,1d_update1,2,ck,ok,0,2.382305,1430.0,2.382304668,3.041377068,0.5581588745,4.322367e-16,1.387779e-15,0.4999959,logs/cage12-1d_update1-trial2-ck.log
cage12,1d_update1,2,rocsolver,ok,0,2.541939,1340.0,2.541938782,3.230528116,0.5557210445,4.072923e-16,1.332268e-15,0.4999959,logs/cage12-1d_update1-trial2-rocsolver.log
cage12,1d_update3,2,ck,ok,0,2.914237,1170.0,2.914237499,3.580919027,0.5543911457,4.32309e-16,1.387779e-15,0.4999959,logs/cage12-1d_update3-trial2-ck.log
cage12,1d_update3,2,rocsolver,ok,0,3.011405,1130.0,3.011404514,3.669970036,0.5556998253,4.073832e-16,1.332268e-15,0.4999959,logs/cage12-1d_update3-trial2-rocsolver.log
cage12,2d,2,ck,ok,0,27.84791,125.48,27.8479147,28.51954699,0.3717861176,4.321279e-16,1.387779e-15,0.4999959,logs/cage12-2d-trial2-ck.log
cage12,2d,2,rocsolver,ok,0,28.05757,124.54,28.05757189,28.72178602,0.371860981,4.073254e-16,1.332268e-15,0.4999959,logs/cage12-2d-trial2-rocsolver.log
nd24k,1d_update1,2,ck,ok,0,1.226947,3210.0,1.226947308,3.131542921,0.5340669155,8.348919e-16,1.56725e-11,0.4999959,logs/nd24k-1d_update1-trial2-ck.log
nd24k,1d_update1,2,rocsolver,ok,0,1.261264,3120.0,1.261263609,3.167865038,0.53693223,8.200885e-16,9.916935e-12,0.4999959,logs/nd24k-1d_update1-trial2-rocsolver.log
nd24k,1d_update0,2,ck,ok,0,1.694538,2320.0,1.694538116,3.609688997,0.5348880291,8.338842e-16,1.550197e-11,0.4999959,logs/nd24k-1d_update0-trial2-ck.log
nd24k,1d_update0,2,rocsolver,ok,0,1.81284,2170.0,1.812839746,3.719023943,0.5349519253,8.226655e-16,9.648164e-12,0.4999959,logs/nd24k-1d_update0-trial2-rocsolver.log
nd24k,1d_update2,2,ck,ok,0,1.242562,3170.0,1.242561817,3.139420986,0.5346961021,8.361271e-16,1.553186e-11,0.4999959,logs/nd24k-1d_update2-trial2-ck.log
nd24k,1d_update2,2,rocsolver,ok,0,1.274324,3090.0,1.274323702,3.190324068,0.5362529755,8.227351e-16,9.551748e-12,0.4999959,logs/nd24k-1d_update2-trial2-rocsolver.log
nd24k,1d_update3,2,ck,ok,0,1.679371,2340.0,1.67937088,3.59233284,0.5333828926,8.344299e-16,1.557831e-11,0.4999959,logs/nd24k-1d_update3-trial2-ck.log
nd24k,1d_update3,2,rocsolver,ok,0,1.809279,2170.0,1.809279203,3.707304001,0.5336010456,8.194357e-16,9.678605e-12,0.4999959,logs/nd24k-1d_update3-trial2-rocsolver.log
nd24k,2d,2,ck,ok,0,3.636891,1080.0,3.636891365,5.532672882,0.386370182,8.382495e-16,1.420308e-11,0.4999959,logs/nd24k-2d-trial2-ck.log
nd24k,2d,2,rocsolver,ok,0,3.625246,1080.0,3.625245571,5.526149988,0.3869509697,8.188192e-16,9.424905e-12,0.4999959,logs/nd24k-2d-trial2-rocsolver.log
SiO2,1d_update1,2,ck,ok,0,3.470937,6680.0,3.470937014,5.355867147,1.633913994,1.837485e-15,3.346767e-13,0.4999959,logs/SiO2-1d_update1-trial2-ck.log
SiO2,1d_update1,2,rocsolver,ok,0,3.786786,6120.0,3.786785841,5.716897964,1.629884958,1.693563e-15,3.719247e-13,0.4999959,logs/SiO2-1d_update1-trial2-rocsolver.log
Si87H76,1d_update2,2,ck,ok,0,9.77954,5720.0,9.779539585,12.81625795,6.478389978,3.165765e-16,1.357803e-13,0.4999998,logs/Si87H76-1d_update2-trial2-ck.log
Si87H76,1d_update2,2,rocsolver,ok,0,8.774357,6370.0,8.77435708,12.12727308,6.192138195,3.152583e-16,1.39555e-13,0.4999998,logs/Si87H76-1d_update2-trial2-rocsolver.log
CoupCons3D,1d_update3,2,ck,ok,0,3.978534,224.92,3.978533506,6.074537992,0.5823271275,2.815134e-16,1.263434e-13,0.4999998,logs/CoupCons3D-1d_update3-trial2-ck.log
CoupCons3D,1d_update3,2,rocsolver,ok,0,4.242661,210.92,4.242660522,6.343880892,0.5797109604,2.670648e-16,1.296185e-13,0.4999998,logs/CoupCons3D-1d_update3-trial2-rocsolver.log
Hook_1498,1d_update1,2,ck,ok,0,23.40122,703.61,23.40121698,29.92587996,3.595940828,3.792438e-16,3.273493e-13,0.4999998,logs/Hook_1498-1d_update1-trial2-ck.log
Hook_1498,1d_update1,2,rocsolver,ok,0,20.92195,786.99,20.92194772,27.50711918,3.591212988,3.676595e-16,7.845946e-13,0.4999998,logs/Hook_1498-1d_update1-trial2-rocsolver.log
ldoor,1d_update3,2,ck,ok,0,14.08502,10.01,14.0850184,16.93272305,0.6911730766,3.076452e-16,8.35812e-12,0.4999998,logs/ldoor-1d_update3-trial2-ck.log
ldoor,1d_update3,2,rocsolver,ok,0,13.84523,10.19,13.84522772,16.68657303,0.6934919357,2.983798e-16,5.879297e-12,0.4999998,logs/ldoor-1d_update3-trial2-rocsolver.log
xenon2,1d_update3,2,ck,ok,0,2.561936,39.93,2.561936378,2.963670015,0.1487309933,2.768336e-16,1.658118e-13,0.4999959,logs/xenon2-1d_update3-trial2-ck.log
xenon2,1d_update3,2,rocsolver,ok,0,2.633292,38.85,2.633292437,3.035683155,0.1501410007,2.732192e-16,3.614331e-13,0.4999959,logs/xenon2-1d_update3-trial2-rocsolver.log
G3_circuit,1d_update3,2,ck,ok,0,169.2025,0.52788,169.2024982,170.4310851,1.246320963,2.012564e-16,1.686429e-13,0.4999998,logs/G3_circuit-1d_update3-trial2-ck.log
G3_circuit,1d_update3,2,rocsolver,ok,0,165.0493,0.54116,165.0493455,166.2714081,1.26142621,2.000676e-16,1.627587e-13,0.4999998,logs/G3_circuit-1d_update3-trial2-rocsolver.log
cage12,1d_update2,3,rocsolver,ok,0,2.592833,1320.0,2.592833042,3.255671024,0.5618059635,4.07346e-16,1.332268e-15,0.4999959,logs/cage12-1d_update2-trial3-rocsolver.log
cage12,1d_update2,3,ck,ok,0,2.409514,1420.0,2.409514427,3.089591026,0.5616121292,4.322881e-16,1.387779e-15,0.4999959,logs/cage12-1d_update2-trial3-ck.log
cage12,1d_update0,3,rocsolver,ok,0,3.018143,1130.0,3.018143415,3.694824934,0.5570669174,4.073637e-16,1.332268e-15,0.4999959,logs/cage12-1d_update0-trial3-rocsolver.log
cage12,1d_update0,3,ck,ok,0,2.8484,1200.0,2.848399639,3.522538185,0.5593278408,4.322464e-16,1.387779e-15,0.4999959,logs/cage12-1d_update0-trial3-ck.log
cage12,1d_update1,3,rocsolver,ok,0,2.625996,1300.0,2.625996113,3.295553923,0.5591509342,4.073295e-16,1.332268e-15,0.4999959,logs/cage12-1d_update1-trial3-rocsolver.log
cage12,1d_update1,3,ck,ok,0,2.383899,1430.0,2.383899212,3.057407856,0.5589110851,4.322592e-16,1.387779e-15,0.4999959,logs/cage12-1d_update1-trial3-ck.log
cage12,1d_update3,3,rocsolver,ok,0,3.024146,1130.0,3.02414608,3.710124016,0.5607640743,4.073809e-16,1.332268e-15,0.4999959,logs/cage12-1d_update3-trial3-rocsolver.log
cage12,1d_update3,3,ck,ok,0,2.834119,1200.0,2.834118843,3.511654139,0.5592660904,4.322778e-16,1.387779e-15,0.4999959,logs/cage12-1d_update3-trial3-ck.log
cage12,2d,3,rocsolver,ok,0,28.22484,123.81,28.22483563,28.87944913,0.3755450249,4.073065e-16,1.332268e-15,0.4999959,logs/cage12-2d-trial3-rocsolver.log
cage12,2d,3,ck,ok,0,28.03971,124.62,28.03970933,28.71564484,0.3757750988,4.321065e-16,1.387779e-15,0.4999959,logs/cage12-2d-trial3-ck.log
nd24k,1d_update1,3,rocsolver,ok,0,1.348604,2920.0,1.348604202,3.25308609,0.5392301083,8.214946e-16,9.552664e-12,0.4999959,logs/nd24k-1d_update1-trial3-rocsolver.log
nd24k,1d_update1,3,ck,ok,0,1.145762,3430.0,1.145762205,3.07209301,0.5385289192,8.394728e-16,1.53635e-11,0.4999959,logs/nd24k-1d_update1-trial3-ck.log
nd24k,1d_update0,3,rocsolver,ok,0,1.830654,2150.0,1.830653667,3.755207062,0.5356140137,8.206284e-16,9.577505e-12,0.4999959,logs/nd24k-1d_update0-trial3-rocsolver.log
nd24k,1d_update0,3,ck,ok,0,1.70579,2310.0,1.705790281,3.805422068,0.5328979492,8.357329e-16,1.542058e-11,0.4999959,logs/nd24k-1d_update0-trial3-ck.log
nd24k,1d_update2,3,rocsolver,ok,0,1.378582,2850.0,1.378581524,3.280011177,0.5391819477,8.198275e-16,9.28263e-12,0.4999959,logs/nd24k-1d_update2-trial3-rocsolver.log
nd24k,1d_update2,3,ck,ok,0,1.162313,3380.0,1.162312746,3.080380917,0.5382699966,8.356904e-16,1.503328e-11,0.4999959,logs/nd24k-1d_update2-trial3-ck.log
nd24k,1d_update3,3,rocsolver,ok,0,1.802547,2180.0,1.802546978,3.725147963,0.5351150036,8.233659e-16,9.77856e-12,0.4999959,logs/nd24k-1d_update3-trial3-rocsolver.log
nd24k,1d_update3,3,ck,ok,0,1.702858,2310.0,1.702857733,3.904228926,0.5354950428,8.370141e-16,1.533857e-11,0.4999959,logs/nd24k-1d_update3-trial3-ck.log
nd24k,2d,3,rocsolver,ok,0,3.708806,1060.0,3.708806038,5.609506845,0.3867070675,8.212093e-16,9.628964e-12,0.4999959,logs/nd24k-2d-trial3-rocsolver.log
nd24k,2d,3,ck,ok,0,3.501171,1120.0,3.50117135,5.404500961,0.3885221481,8.389459e-16,1.443861e-11,0.4999959,logs/nd24k-2d-trial3-ck.log
SiO2,1d_update1,3,rocsolver,ok,0,3.706477,6250.0,3.706477165,5.598513842,1.629340172,1.58273e-15,3.671508e-13,0.4999959,logs/SiO2-1d_update1-trial3-rocsolver.log
SiO2,1d_update1,3,ck,ok,0,3.578798,6480.0,3.578797817,5.493181944,1.631092072,1.377742e-15,2.333689e-13,0.4999959,logs/SiO2-1d_update1-trial3-ck.log
Si87H76,1d_update2,3,rocsolver,ok,0,8.625558,6480.0,8.625558376,11.52395201,6.192849874,3.152814e-16,1.291744e-13,0.4999998,logs/Si87H76-1d_update2-trial3-rocsolver.log
Si87H76,1d_update2,3,ck,ok,0,8.417989,6640.0,8.417989492,11.31001282,6.191931009,3.145949e-16,1.64313e-13,0.4999998,logs/Si87H76-1d_update2-trial3-ck.log
CoupCons3D,1d_update3,3,rocsolver,ok,0,4.189342,213.61,4.189342022,6.302767038,0.5787539482,2.670571e-16,1.296185e-13,0.4999998,logs/CoupCons3D-1d_update3-trial3-rocsolver.log
CoupCons3D,1d_update3,3,ck,ok,0,3.956256,226.19,3.956256151,6.051094055,0.580275774,2.815116e-16,1.263434e-13,0.4999998,logs/CoupCons3D-1d_update3-trial3-ck.log
Hook_1498,1d_update1,3,rocsolver,ok,0,20.7278,794.36,20.72779679,27.22562099,3.587146044,3.673009e-16,7.836509e-13,0.4999998,logs/Hook_1498-1d_update1-trial3-rocsolver.log
Hook_1498,1d_update1,3,ck,ok,0,20.3505,809.09,20.35050464,26.9158659,3.591068983,3.793252e-16,3.265721e-13,0.4999998,logs/Hook_1498-1d_update1-trial3-ck.log
ldoor,1d_update3,3,rocsolver,ok,0,13.73752,10.27,13.73752356,16.6044209,0.6919798851,3.002812e-16,5.881851e-12,0.4999998,logs/ldoor-1d_update3-trial3-rocsolver.log
ldoor,1d_update3,3,ck,ok,0,14.11339,9.99,14.11338735,16.94854498,0.692581892,3.06562e-16,8.357648e-12,0.4999998,logs/ldoor-1d_update3-trial3-ck.log
xenon2,1d_update3,3,rocsolver,ok,0,2.634158,38.84,2.634157896,3.034729958,0.1496899128,2.738333e-16,3.616552e-13,0.4999959,logs/xenon2-1d_update3-trial3-rocsolver.log
xenon2,1d_update3,3,ck,ok,0,2.575693,39.72,2.57569313,2.973467827,0.1494541168,2.77225e-16,1.661726e-13,0.4999959,logs/xenon2-1d_update3-trial3-ck.log
G3_circuit,1d_update3,3,rocsolver,ok,0,166.1097,0.53771,166.109694,167.336879,1.266768932,2.000664e-16,1.629252e-13,0.4999998,logs/G3_circuit-1d_update3-trial3-rocsolver.log
G3_circuit,1d_update3,3,ck,ok,0,169.5404,0.52683,169.5404248,170.7687058,1.266095877,2.012571e-16,1.686429e-13,0.4999998,logs/G3_circuit-1d_update3-trial3-ck.log
