backend,n,lda,call_id,total,initialization,compute,roi_marker
cdls,189,837,0,4,3,1,GETRF|backend=cdls|call_id=0|n=189|lda=837
cdls,189,837,1,4,3,1,GETRF|backend=cdls|call_id=1|n=189|lda=837
cdls,189,837,2,4,3,1,GETRF|backend=cdls|call_id=2|n=189|lda=837
cdls,27,201,0,1,0,1,GETRF|backend=cdls|call_id=0|n=27|lda=201
cdls,27,201,1,1,0,1,GETRF|backend=cdls|call_id=1|n=27|lda=201
cdls,27,201,2,1,0,1,GETRF|backend=cdls|call_id=2|n=27|lda=201
cdls,351,1914,0,4,3,1,GETRF|backend=cdls|call_id=0|n=351|lda=1914
cdls,351,1914,1,4,3,1,GETRF|backend=cdls|call_id=1|n=351|lda=1914
cdls,351,1914,2,4,3,1,GETRF|backend=cdls|call_id=2|n=351|lda=1914
rocsolver,189,837,0,36,2,34,GETRF|backend=rocsolver|call_id=0|n=189|lda=837
rocsolver,189,837,1,36,2,34,GETRF|backend=rocsolver|call_id=1|n=189|lda=837
rocsolver,189,837,2,36,2,34,GETRF|backend=rocsolver|call_id=2|n=189|lda=837
rocsolver,27,201,0,2,1,1,GETRF|backend=rocsolver|call_id=0|n=27|lda=201
rocsolver,27,201,1,2,1,1,GETRF|backend=rocsolver|call_id=1|n=27|lda=201
rocsolver,27,201,2,2,1,1,GETRF|backend=rocsolver|call_id=2|n=27|lda=201
rocsolver,351,1914,0,66,2,64,GETRF|backend=rocsolver|call_id=0|n=351|lda=1914
rocsolver,351,1914,1,66,2,64,GETRF|backend=rocsolver|call_id=1|n=351|lda=1914
rocsolver,351,1914,2,66,2,64,GETRF|backend=rocsolver|call_id=2|n=351|lda=1914
