backend,n,lda,call_id,role,count
cdls,189,837,0,reset_internal_info,1
cdls,189,837,0,reset_task_workspace,2
cdls,189,837,0,fused_tiled_LU,1
cdls,189,837,1,reset_internal_info,1
cdls,189,837,1,reset_task_workspace,2
cdls,189,837,1,fused_tiled_LU,1
cdls,189,837,2,reset_internal_info,1
cdls,189,837,2,reset_task_workspace,2
cdls,189,837,2,fused_tiled_LU,1
cdls,27,201,0,fused_small_with_info_reset,1
cdls,27,201,1,fused_small_with_info_reset,1
cdls,27,201,2,fused_small_with_info_reset,1
cdls,351,1914,0,reset_internal_info,1
cdls,351,1914,0,reset_task_workspace,2
cdls,351,1914,0,fused_tiled_LU,1
cdls,351,1914,1,reset_internal_info,1
cdls,351,1914,1,reset_task_workspace,2
cdls,351,1914,1,fused_tiled_LU,1
cdls,351,1914,2,reset_internal_info,1
cdls,351,1914,2,reset_task_workspace,2
cdls,351,1914,2,fused_tiled_LU,1
rocsolver,189,837,0,initialize_scalars,1
rocsolver,189,837,0,reset_info,1
rocsolver,189,837,0,panel_GETF2,12
rocsolver,189,837,0,internal_TRSM,11
rocsolver,189,837,0,internal_GEMM,11
rocsolver,189,837,1,initialize_scalars,1
rocsolver,189,837,1,reset_info,1
rocsolver,189,837,1,panel_GETF2,12
rocsolver,189,837,1,internal_TRSM,11
rocsolver,189,837,1,internal_GEMM,11
rocsolver,189,837,2,initialize_scalars,1
rocsolver,189,837,2,reset_info,1
rocsolver,189,837,2,panel_GETF2,12
rocsolver,189,837,2,internal_TRSM,11
rocsolver,189,837,2,internal_GEMM,11
rocsolver,27,201,0,reset_info,1
rocsolver,27,201,0,panel_GETF2,1
rocsolver,27,201,1,reset_info,1
rocsolver,27,201,1,panel_GETF2,1
rocsolver,27,201,2,reset_info,1
rocsolver,27,201,2,panel_GETF2,1
rocsolver,351,1914,0,initialize_scalars,1
rocsolver,351,1914,0,reset_info,1
rocsolver,351,1914,0,panel_GETF2,22
rocsolver,351,1914,0,internal_TRSM,21
rocsolver,351,1914,0,internal_GEMM,21
rocsolver,351,1914,1,initialize_scalars,1
rocsolver,351,1914,1,reset_info,1
rocsolver,351,1914,1,panel_GETF2,22
rocsolver,351,1914,1,internal_TRSM,21
rocsolver,351,1914,1,internal_GEMM,21
rocsolver,351,1914,2,initialize_scalars,1
rocsolver,351,1914,2,reset_info,1
rocsolver,351,1914,2,panel_GETF2,22
rocsolver,351,1914,2,internal_TRSM,21
rocsolver,351,1914,2,internal_GEMM,21
