n,count,call_fraction
3,1,9.175995595522114e-05
12,2,0.00018351991191044228
15,17,0.0015599192512387595
18,62,0.005689117269223711
21,105,0.00963479537529822
24,156,0.014314553129014498
27,213,0.019544870618462103
30,261,0.02394934850431272
33,239,0.021930629473297852
36,293,0.026885667094879794
39,324,0.02973022572949165
42,344,0.03156542484859607
45,372,0.034134703615342266
48,361,0.03312534409983483
51,351,0.03220774454028262
54,401,0.036795742338043676
57,424,0.038906221325013764
60,433,0.03973206092861076
63,356,0.03266654432005873
66,339,0.031106625068819966
69,369,0.0338594237474766
72,345,0.03165718480455129
75,367,0.03367590383556616
78,300,0.027527986786566344
81,279,0.0256010277115067
84,335,0.030739585244999083
87,256,0.02349054872453661
90,260,0.023857588548357497
93,248,0.022756469076894843
96,200,0.018351991191044227
99,190,0.017434391631492015
102,179,0.016425032115984586
105,159,0.014589832996880162
108,170,0.015599192512387594
111,164,0.015048632776656266
114,118,0.010827674802716094
117,109,0.010001835199119104
120,97,0.00890071572765645
123,105,0.00963479537529822
126,85,0.007799596256193797
129,66,0.006056157093044595
132,76,0.006973756652596807
135,53,0.0048632776656267205
138,45,0.004129198017984952
141,51,0.004679757753716278
144,45,0.004129198017984952
147,34,0.003119838502477519
150,29,0.002661038722701413
153,33,0.0030280785465222975
156,23,0.0021104789869700862
159,23,0.0021104789869700862
160,3,0.0002752798678656634
161,3,0.0002752798678656634
162,48,0.004404477885850615
165,36,0.003303358414387961
167,1,9.175995595522114e-05
168,18,0.0016516792071939806
169,1,9.175995595522114e-05
170,1,9.175995595522114e-05
171,18,0.0016516792071939806
174,20,0.0018351991191044228
177,19,0.0017434391631492017
178,1,9.175995595522114e-05
180,12,0.0011011194714626537
183,12,0.0011011194714626537
186,18,0.0016516792071939806
189,14,0.001284639383373096
192,12,0.0011011194714626537
195,20,0.0018351991191044228
196,1,9.175995595522114e-05
197,1,9.175995595522114e-05
198,14,0.001284639383373096
201,14,0.001284639383373096
202,1,9.175995595522114e-05
203,2,0.00018351991191044228
204,17,0.0015599192512387595
207,18,0.0016516792071939806
210,11,0.0010093595155074326
211,1,9.175995595522114e-05
213,12,0.0011011194714626537
216,15,0.0013763993393283171
217,1,9.175995595522114e-05
218,1,9.175995595522114e-05
219,14,0.001284639383373096
221,1,9.175995595522114e-05
222,21,0.001926959075059644
225,19,0.0017434391631492017
228,16,0.0014681592952835382
231,18,0.0016516792071939806
234,21,0.001926959075059644
237,14,0.001284639383373096
240,14,0.001284639383373096
241,1,9.175995595522114e-05
243,12,0.0011011194714626537
246,20,0.0018351991191044228
247,1,9.175995595522114e-05
248,2,0.00018351991191044228
249,11,0.0010093595155074326
250,1,9.175995595522114e-05
251,1,9.175995595522114e-05
252,13,0.0011928794274178747
253,1,9.175995595522114e-05
255,28,0.002569278766746192
256,2,0.00018351991191044228
258,14,0.001284639383373096
261,16,0.0014681592952835382
262,1,9.175995595522114e-05
263,2,0.00018351991191044228
264,19,0.0017434391631492017
267,17,0.0015599192512387595
269,1,9.175995595522114e-05
270,13,0.0011928794274178747
272,1,9.175995595522114e-05
273,16,0.0014681592952835382
275,1,9.175995595522114e-05
276,19,0.0017434391631492017
277,1,9.175995595522114e-05
279,13,0.0011928794274178747
280,2,0.00018351991191044228
282,18,0.0016516792071939806
283,2,0.00018351991191044228
284,1,9.175995595522114e-05
285,20,0.0018351991191044228
288,24,0.0022022389429253073
291,10,0.0009175995595522114
292,1,9.175995595522114e-05
294,22,0.002018719031014865
295,2,0.00018351991191044228
296,2,0.00018351991191044228
297,20,0.0018351991191044228
298,1,9.175995595522114e-05
299,1,9.175995595522114e-05
300,18,0.0016516792071939806
301,1,9.175995595522114e-05
302,1,9.175995595522114e-05
303,16,0.0014681592952835382
304,1,9.175995595522114e-05
305,2,0.00018351991191044228
306,15,0.0013763993393283171
309,13,0.0011928794274178747
310,1,9.175995595522114e-05
311,1,9.175995595522114e-05
312,13,0.0011928794274178747
315,14,0.001284639383373096
316,1,9.175995595522114e-05
317,3,0.0002752798678656634
318,16,0.0014681592952835382
319,3,0.0002752798678656634
321,8,0.0007340796476417691
322,1,9.175995595522114e-05
324,8,0.0007340796476417691
325,1,9.175995595522114e-05
326,1,9.175995595522114e-05
327,5,0.0004587997797761057
330,4,0.00036703982382088455
333,6,0.0005505597357313268
334,1,9.175995595522114e-05
336,5,0.0004587997797761057
339,3,0.0002752798678656634
340,1,9.175995595522114e-05
342,4,0.00036703982382088455
348,6,0.0005505597357313268
351,1,9.175995595522114e-05
