trial,n,lda,iteration,first,cdls_ms,rocsolver_ms,cdls_submit_ms,roc_submit_ms,cdls_wall_ms,roc_wall_ms
1,189,837,0,cdls,0.128361002,0.247362003,0.005050000,0.094671000,0.140802000,0.254072000
1,189,837,1,rocsolver,0.128762007,0.263603002,0.005790000,0.133711000,0.136232000,0.270602000
1,189,837,2,cdls,0.127081007,0.247802004,0.004390000,0.098581000,0.133941000,0.254053000
1,189,837,3,rocsolver,0.130721003,0.246682003,0.004570000,0.114101000,0.139691000,0.253212000
1,189,837,4,cdls,0.130401000,0.246402994,0.004100000,0.098911000,0.137131000,0.252722000
1,189,837,5,rocsolver,0.139441997,0.245482996,0.004980000,0.106991000,0.146191000,0.252432000
1,189,837,6,cdls,0.125882000,0.247683004,0.004220000,0.102951000,0.132311000,0.253892000
1,189,837,7,rocsolver,0.126920998,0.247003004,0.004770000,0.109561000,0.133991000,0.253802000
1,189,837,8,cdls,0.130760998,0.243843004,0.004350000,0.094271000,0.137581000,0.251133000
1,189,837,9,rocsolver,0.126161993,0.247563004,0.005080000,0.125981000,0.133001000,0.255222000
1,189,837,10,cdls,0.124881998,0.245842993,0.004480000,0.094681000,0.131121000,0.252502000
1,189,837,11,rocsolver,0.126280993,0.245602995,0.004730000,0.117351000,0.133701000,0.252803000
1,189,837,12,cdls,0.124921001,0.242363006,0.004300000,0.093180000,0.132391000,0.249742000
1,189,837,13,rocsolver,0.129682004,0.242882997,0.013830000,0.114451000,0.136222000,0.249652000
1,189,837,14,cdls,0.124961004,0.241881996,0.004360000,0.099521000,0.131151000,0.248042000
1,189,837,15,rocsolver,0.125920996,0.242201999,0.004670000,0.121771000,0.133111000,0.247963000
1,189,837,16,cdls,0.128961995,0.242002994,0.011730000,0.094391000,0.136371000,0.249323000
1,189,837,17,rocsolver,0.123760998,0.251163006,0.004680000,0.114671000,0.131501000,0.256752000
1,189,837,18,cdls,0.125120997,0.241282001,0.004120000,0.102551000,0.132731000,0.248812000
1,189,837,19,rocsolver,0.126241997,0.241362005,0.004750000,0.117391000,0.133701000,0.248352000
1,189,837,20,cdls,0.125361994,0.241123006,0.004150000,0.093681000,0.132902000,0.249252000
1,189,837,21,rocsolver,0.125401005,0.240842998,0.005170000,0.114351000,0.132821000,0.246882000
1,189,837,22,cdls,0.124682002,0.241522998,0.004200000,0.092921000,0.131721000,0.248222000
1,189,837,23,rocsolver,0.124440998,0.241563007,0.004880000,0.131591000,0.130601000,0.247772000
1,189,837,24,cdls,0.126160994,0.241442993,0.004320000,0.092721000,0.133411000,0.249023000
1,189,837,25,rocsolver,0.125762001,0.240803003,0.004780000,0.109951000,0.133221000,0.248132000
1,189,837,26,cdls,0.126601994,0.241442993,0.004170000,0.093031000,0.133991000,0.248752000
1,189,837,27,rocsolver,0.126360998,0.241243005,0.004540000,0.110371000,0.133621000,0.247703000
1,189,837,28,cdls,0.124201000,0.241483003,0.004340000,0.093950000,0.131641000,0.248732000
1,189,837,29,rocsolver,0.125000998,0.240722999,0.005080000,0.111141000,0.132821000,0.247192000
1,27,201,0,cdls,0.014440000,0.020880001,0.001280000,0.002921000,0.027410000,0.028961000
1,27,201,1,rocsolver,0.014760000,0.019959999,0.001250000,0.003170000,0.020850000,0.027770000
1,27,201,2,cdls,0.014760000,0.019840000,0.001170000,0.002660000,0.021210000,0.025840000
1,27,201,3,rocsolver,0.014760000,0.020000000,0.001170000,0.002570000,0.020551000,0.025570000
1,27,201,4,cdls,0.013840000,0.018200001,0.001150000,0.002590000,0.019940000,0.023980000
1,27,201,5,rocsolver,0.014960000,0.020160001,0.001160000,0.002551000,0.022170000,0.026311000
1,27,201,6,cdls,0.013920000,0.018320000,0.001180000,0.002540000,0.019840000,0.024850000
1,27,201,7,rocsolver,0.014841000,0.020040000,0.001210000,0.002530000,0.021260000,0.026340000
1,27,201,8,cdls,0.014000000,0.018560000,0.001170000,0.002620000,0.020330000,0.024970000
1,27,201,9,rocsolver,0.014000000,0.018440999,0.001180000,0.002550000,0.020110000,0.024561000
1,27,201,10,cdls,0.013880000,0.018641001,0.001170000,0.002570000,0.020040000,0.026071000
1,27,201,11,rocsolver,0.013680000,0.018640000,0.001160000,0.002600000,0.021120000,0.025950000
1,27,201,12,cdls,0.014001000,0.018640000,0.001200000,0.002550000,0.020491000,0.025100000
1,27,201,13,rocsolver,0.014561000,0.018479999,0.001210000,0.002550000,0.021760000,0.025470000
1,27,201,14,cdls,0.014560000,0.018440001,0.001160000,0.002540000,0.021360000,0.025680000
1,27,201,15,rocsolver,0.013560000,0.018320000,0.001190000,0.002520000,0.020710000,0.024341000
1,27,201,16,cdls,0.013640000,0.019320000,0.001170000,0.002540000,0.020840000,0.026471000
1,27,201,17,rocsolver,0.013920000,0.018360000,0.001180000,0.002550000,0.020120000,0.024360000
1,27,201,18,cdls,0.014760000,0.018680001,0.001190000,0.002570000,0.022191000,0.026200000
1,27,201,19,rocsolver,0.013920000,0.018479999,0.001170000,0.002480000,0.020581000,0.025900000
1,27,201,20,cdls,0.014000000,0.018321000,0.001170000,0.002540000,0.027740000,0.025580000
1,27,201,21,rocsolver,0.013720000,0.018719999,0.001280000,0.002490000,0.019930000,0.026251000
1,27,201,22,cdls,0.013641000,0.018680001,0.001170000,0.002560000,0.021000000,0.026160000
1,27,201,23,rocsolver,0.013681000,0.020280000,0.001180000,0.002510000,0.020810000,0.027700000
1,27,201,24,cdls,0.013600000,0.018479999,0.001170000,0.002540000,0.020260000,0.025620000
1,27,201,25,rocsolver,0.013960000,0.019841000,0.001190000,0.002440000,0.019950000,0.025571000
1,27,201,26,cdls,0.013960000,0.018240999,0.001170000,0.002510000,0.019690000,0.024311000
1,27,201,27,rocsolver,0.014000000,0.018400000,0.001180000,0.002530000,0.020150000,0.024320000
1,27,201,28,cdls,0.013761000,0.018440001,0.001170000,0.002540000,0.020241000,0.024740000
1,27,201,29,rocsolver,0.014000000,0.018600000,0.001170000,0.002510000,0.022261000,0.025050000
1,351,1914,0,cdls,0.263722003,0.472763985,0.005130000,0.178842000,0.276803000,0.479284000
1,351,1914,1,rocsolver,0.253762007,0.480883986,0.005520000,0.238342000,0.260322000,0.488974000
1,351,1914,2,cdls,0.254242003,0.470842987,0.004440000,0.176572000,0.261562000,0.477704000
1,351,1914,3,rocsolver,0.251201987,0.471442997,0.004920000,0.223092000,0.258342000,0.477804000
1,351,1914,4,cdls,0.252521992,0.467523992,0.004500000,0.179012000,0.259482000,0.474654000
1,351,1914,5,rocsolver,0.257041991,0.470883995,0.004960000,0.210271000,0.264052000,0.478764000
1,351,1914,6,cdls,0.247881994,0.468522996,0.004700000,0.174672000,0.254963000,0.475074000
1,351,1914,7,rocsolver,0.247921005,0.469402999,0.004880000,0.213172000,0.255132000,0.476915000
1,351,1914,8,cdls,0.248122007,0.466603994,0.004541000,0.175802000,0.255693000,0.474584000
1,351,1914,9,rocsolver,0.251561999,0.470324010,0.005000000,0.218382000,0.259392000,0.477134000
1,351,1914,10,cdls,0.250001997,0.469083995,0.004640000,0.176651000,0.257512000,0.476574000
1,351,1914,11,rocsolver,0.250681996,0.465604007,0.005150000,0.208392000,0.257962000,0.471554000
1,351,1914,12,cdls,0.248282000,0.468124002,0.004420000,0.180671000,0.255013000,0.474614000
1,351,1914,13,rocsolver,0.251042008,0.468443006,0.004920000,0.207052000,0.259223000,0.476224000
1,351,1914,14,cdls,0.251201987,0.467684001,0.004520000,0.177382000,0.258092000,0.474165000
1,351,1914,15,rocsolver,0.250322014,0.467164010,0.004830000,0.222612000,0.257083000,0.475604000
1,351,1914,16,cdls,0.251161993,0.466042995,0.004570000,0.185121000,0.257892000,0.473674000
1,351,1914,17,rocsolver,0.249642000,0.478163004,0.004950000,0.208762000,0.256632000,0.485624000
1,351,1914,18,cdls,0.250441998,0.464964002,0.004680000,0.172722000,0.256722000,0.476205000
1,351,1914,19,rocsolver,0.247482002,0.466524005,0.004620000,0.204172000,0.254773000,0.473894000
1,351,1914,20,cdls,0.249722004,0.466084003,0.004680000,0.172922000,0.258352000,0.473475000
1,351,1914,21,rocsolver,0.250241995,0.465683997,0.004610000,0.203162000,0.257612000,0.472804000
1,351,1914,22,cdls,0.247521996,0.466443002,0.004560000,0.174172000,0.254172000,0.473334000
1,351,1914,23,rocsolver,0.251242012,0.467483014,0.006380000,0.201692000,0.258502000,0.473935000
1,351,1914,24,cdls,0.253562003,0.465204000,0.005000000,0.177772000,0.261902000,0.472754000
1,351,1914,25,rocsolver,0.246281996,0.466843992,0.005330000,0.217872000,0.252362000,0.473475000
1,351,1914,26,cdls,0.251841992,0.465283990,0.004590000,0.186162000,0.258323000,0.471554000
1,351,1914,27,rocsolver,0.249842003,0.466603994,0.004690000,0.213142000,0.257172000,0.473595000
1,351,1914,28,cdls,0.248682007,0.465324014,0.004520000,0.174702000,0.256153000,0.472864000
1,351,1914,29,rocsolver,0.249121994,0.465683013,0.004740000,0.204922000,0.256282000,0.471994000
2,189,837,0,cdls,0.129001006,0.247683004,0.004610000,0.105671000,0.141042000,0.254132000
2,189,837,1,rocsolver,0.144681007,0.248401999,0.005690000,0.122131000,0.152151000,0.254472000
2,189,837,2,cdls,0.129001006,0.245601997,0.004760000,0.108641000,0.136511000,0.254042000
2,189,837,3,rocsolver,0.128040999,0.244203001,0.004730000,0.117021000,0.135941000,0.251893000
2,189,837,4,cdls,0.129280999,0.244322002,0.004390000,0.096311000,0.137401000,0.251833000
2,189,837,5,rocsolver,0.127400994,0.246803001,0.004650000,0.117591000,0.135411000,0.252672000
2,189,837,6,cdls,0.127600998,0.244841993,0.004680000,0.095541000,0.134241000,0.251242000
2,189,837,7,rocsolver,0.125881001,0.244883001,0.004680000,0.122952000,0.133331000,0.253473000
2,189,837,8,cdls,0.126521006,0.243202001,0.004430000,0.096111000,0.133732000,0.250312000
2,189,837,9,rocsolver,0.127321005,0.245762005,0.004480000,0.111351000,0.134411000,0.252082000
2,189,837,10,cdls,0.127520993,0.241722003,0.004500000,0.095911000,0.134691000,0.248132000
2,189,837,11,rocsolver,0.126160994,0.244921997,0.004460000,0.112460000,0.132451000,0.252353000
2,189,837,12,cdls,0.126681000,0.241683006,0.004450000,0.095280000,0.134181000,0.249002000
2,189,837,13,rocsolver,0.127721995,0.242402002,0.004790000,0.111391000,0.134662000,0.249732000
2,189,837,14,cdls,0.126201004,0.240683004,0.004470000,0.101921000,0.132911000,0.247142000
2,189,837,15,rocsolver,0.124242000,0.249602005,0.004780000,0.118361000,0.130401000,0.256992000
2,189,837,16,cdls,0.127040997,0.239962995,0.004570000,0.094531000,0.133682000,0.245972000
2,189,837,17,rocsolver,0.126920998,0.240842000,0.004280000,0.110381000,0.134282000,0.247002000
2,189,837,18,cdls,0.123480998,0.242561996,0.004460000,0.093781000,0.130721000,0.249792000
2,189,837,19,rocsolver,0.127480999,0.239802003,0.004510000,0.126881000,0.133721000,0.245513000
2,189,837,20,cdls,0.125401005,0.240602002,0.004670000,0.094301000,0.131841000,0.246703000
2,189,837,21,rocsolver,0.124921001,0.239482999,0.004410000,0.111441000,0.132371000,0.246412000
2,189,837,22,cdls,0.124002002,0.240122005,0.004730000,0.093511000,0.131461000,0.246282000
2,189,837,23,rocsolver,0.123561002,0.240562007,0.004800000,0.129041000,0.130211000,0.247413000
2,189,837,24,cdls,0.125201002,0.240362003,0.004460000,0.095251000,0.131681000,0.245983000
2,189,837,25,rocsolver,0.126121998,0.240122005,0.004940000,0.108551000,0.133831000,0.246582000
2,189,837,26,cdls,0.126160994,0.241123006,0.004430000,0.105010000,0.133701000,0.249072000
2,189,837,27,rocsolver,0.126081005,0.240122005,0.004440000,0.110231000,0.133811000,0.246662000
2,189,837,28,cdls,0.125000998,0.240362003,0.004510000,0.094261000,0.132351000,0.247962000
2,189,837,29,rocsolver,0.124000996,0.239641994,0.004740000,0.112802000,0.130921000,0.245553000
2,27,201,0,cdls,0.016720001,0.020560000,0.001330000,0.002660000,0.029561000,0.027590000
2,27,201,1,rocsolver,0.014680000,0.020160001,0.001470000,0.002850000,0.022251000,0.027140000
2,27,201,2,cdls,0.014560000,0.019680001,0.001180000,0.002580000,0.022190000,0.026750000
2,27,201,3,rocsolver,0.014640000,0.020400999,0.001190000,0.002670000,0.021980000,0.027350000
2,27,201,4,cdls,0.014400000,0.018320000,0.001180000,0.002500000,0.021781000,0.024690000
2,27,201,5,rocsolver,0.014760000,0.020199999,0.001190000,0.002510000,0.021021000,0.027460000
2,27,201,6,cdls,0.014880000,0.018360000,0.001180000,0.002520000,0.021160000,0.024810000
2,27,201,7,rocsolver,0.014360000,0.019959999,0.001250000,0.002570000,0.022000000,0.027691000
2,27,201,8,cdls,0.013960000,0.018321000,0.001180000,0.002450000,0.020210000,0.024710000
2,27,201,9,rocsolver,0.013720000,0.018519999,0.001190000,0.002480000,0.020730000,0.025420000
2,27,201,10,cdls,0.015841000,0.018519999,0.001190000,0.002590000,0.022660000,0.025910000
2,27,201,11,rocsolver,0.013600000,0.018560000,0.001240000,0.002530000,0.021080000,0.026031000
2,27,201,12,cdls,0.013680000,0.018519999,0.001210000,0.002500000,0.021060000,0.025021000
2,27,201,13,rocsolver,0.013920000,0.020280000,0.001180000,0.002560000,0.020120000,0.026090000
2,27,201,14,cdls,0.014000000,0.018320000,0.001161000,0.002490000,0.019801000,0.025290000
2,27,201,15,rocsolver,0.013600000,0.018160000,0.001201000,0.002480000,0.020371000,0.024080000
2,27,201,16,cdls,0.013640000,0.018279999,0.001180000,0.002490000,0.020370000,0.024110000
2,27,201,17,rocsolver,0.014120000,0.018440999,0.001220000,0.002500000,0.020270000,0.024170000
2,27,201,18,cdls,0.014000000,0.018480999,0.001220000,0.002470000,0.020410000,0.024700000
2,27,201,19,rocsolver,0.013920000,0.018519999,0.001200000,0.002470000,0.020100000,0.024540000
2,27,201,20,cdls,0.013841000,0.018560000,0.001190000,0.002480000,0.019710000,0.024490000
2,27,201,21,rocsolver,0.013960000,0.018400000,0.001210000,0.002490000,0.019970000,0.024651000
2,27,201,22,cdls,0.014640000,0.018640000,0.001190000,0.002490000,0.020560000,0.024811000
2,27,201,23,rocsolver,0.014000000,0.022320000,0.001180000,0.002490000,0.019580000,0.028890000
2,27,201,24,cdls,0.013921000,0.018160000,0.001220000,0.002580000,0.019451000,0.023630000
2,27,201,25,rocsolver,0.013681000,0.018320000,0.001200000,0.002550000,0.020441000,0.025490000
2,27,201,26,cdls,0.013560000,0.018320000,0.001200000,0.002510000,0.020320000,0.025460000
2,27,201,27,rocsolver,0.013680000,0.019881001,0.001200000,0.002490000,0.020910000,0.026881000
2,27,201,28,cdls,0.013960000,0.018479999,0.001190000,0.002510000,0.020200000,0.024851000
2,27,201,29,rocsolver,0.013960000,0.018400000,0.001190000,0.002520000,0.020220000,0.024700000
2,351,1914,0,cdls,0.254682004,0.470564008,0.005300000,0.175081000,0.270133000,0.478534000
2,351,1914,1,rocsolver,0.259323001,0.473724008,0.005621000,0.211152000,0.267463000,0.480964000
2,351,1914,2,cdls,0.253962010,0.469803989,0.005060000,0.187492000,0.262113000,0.478144000
2,351,1914,3,rocsolver,0.255481988,0.469565004,0.004930000,0.215832000,0.265142000,0.477335000
2,351,1914,4,cdls,0.254402012,0.469684988,0.004541000,0.181082000,0.260983000,0.476284000
2,351,1914,5,rocsolver,0.256121993,0.470403999,0.004830000,0.220802000,0.263032000,0.477975000
2,351,1914,6,cdls,0.250762999,0.467323989,0.004500000,0.184462000,0.257423000,0.475644000
2,351,1914,7,rocsolver,0.248321995,0.475924999,0.004980000,0.206762000,0.255832000,0.482625000
2,351,1914,8,cdls,0.251682013,0.469285011,0.004560000,0.172331000,0.258173000,0.475734000
2,351,1914,9,rocsolver,0.253401995,0.468365014,0.005190000,0.194202000,0.260592000,0.475864000
2,351,1914,10,cdls,0.254242986,0.467644989,0.004430000,0.173041000,0.261593000,0.475294000
2,351,1914,11,rocsolver,0.254123002,0.465884000,0.004950000,0.212792000,0.262112000,0.479615000
2,351,1914,12,cdls,0.250961989,0.467204005,0.004550000,0.174791000,0.257782000,0.474524000
2,351,1914,13,rocsolver,0.248401999,0.467644989,0.004781000,0.213932000,0.255703000,0.475204000
2,351,1914,14,cdls,0.251641989,0.467565000,0.004780000,0.172501000,0.258692000,0.473494000
2,351,1914,15,rocsolver,0.251922995,0.466803998,0.005001000,0.206472000,0.259163000,0.474544000
2,351,1914,16,cdls,0.248922005,0.466724008,0.004500000,0.172192000,0.256322000,0.473695000
2,351,1914,17,rocsolver,0.252122015,0.466444999,0.004670000,0.218592000,0.258852000,0.473364000
2,351,1914,18,cdls,0.250003010,0.467045009,0.004530000,0.174912000,0.256812000,0.473825000
2,351,1914,19,rocsolver,0.252483010,0.466324002,0.004510000,0.196522000,0.259982000,0.474714000
2,351,1914,20,cdls,0.250761986,0.467243999,0.004760000,0.172132000,0.257392000,0.477034000
2,351,1914,21,rocsolver,0.249321997,0.468564987,0.004640000,0.197182000,0.257172000,0.474745000
2,351,1914,22,cdls,0.250162005,0.467245013,0.004581000,0.172652000,0.257893000,0.474734000
2,351,1914,23,rocsolver,0.250642985,0.465644002,0.005020000,0.210901000,0.257122000,0.472274000
2,351,1914,24,cdls,0.249761999,0.466524005,0.005010000,0.180171000,0.256162000,0.472724000
2,351,1914,25,rocsolver,0.250562012,0.467285007,0.004710000,0.205412000,0.257972000,0.473524000
2,351,1914,26,cdls,0.250802994,0.467164010,0.004590000,0.173621000,0.257302000,0.473444000
2,351,1914,27,rocsolver,0.252162993,0.466883987,0.004770000,0.212262000,0.259413000,0.472754000
2,351,1914,28,cdls,0.250162005,0.476045012,0.004810000,0.194342000,0.257602000,0.482245000
2,351,1914,29,rocsolver,0.253921986,0.474124998,0.005070000,0.213122000,0.260973000,0.481914000
3,189,837,0,cdls,0.132521003,0.246482000,0.005230000,0.093601000,0.146061000,0.254053000
3,189,837,1,rocsolver,0.128200993,0.248441994,0.005050000,0.124692000,0.135921000,0.255133000
3,189,837,2,cdls,0.127520993,0.245882004,0.004490000,0.095421000,0.133971000,0.252332000
3,189,837,3,rocsolver,0.125761002,0.245122001,0.004810000,0.120701000,0.134561000,0.251912000
3,189,837,4,cdls,0.128561005,0.245522007,0.004950000,0.095021000,0.135531000,0.251533000
3,189,837,5,rocsolver,0.128921002,0.245762005,0.005170000,0.117501000,0.136532000,0.252992000
3,189,837,6,cdls,0.126640007,0.247042000,0.004530000,0.095101000,0.134451000,0.254713000
3,189,837,7,rocsolver,0.128361002,0.244241998,0.004780000,0.120391000,0.134531000,0.250272000
3,189,837,8,cdls,0.128760993,0.287602007,0.004520000,0.150971000,0.134861000,0.293272000
3,189,837,9,rocsolver,0.127921000,0.245681003,0.005230000,0.118861000,0.135071000,0.252392000
3,189,837,10,cdls,0.124201000,0.241722003,0.004640000,0.093070000,0.130831000,0.248822000
3,189,837,11,rocsolver,0.124761000,0.244841993,0.004740000,0.117161000,0.130952000,0.252202000
3,189,837,12,cdls,0.125000998,0.240081996,0.004530000,0.093511000,0.131251000,0.245992000
3,189,837,13,rocsolver,0.124401003,0.242082000,0.004590000,0.120722000,0.131741000,0.251233000
3,189,837,14,cdls,0.126120999,0.241120994,0.004540000,0.092071000,0.133681000,0.247792000
3,189,837,15,rocsolver,0.128321007,0.240602002,0.004791000,0.115121000,0.136062000,0.248092000
3,189,837,16,cdls,0.126881003,0.239882007,0.004520000,0.092861000,0.134781000,0.247212000
3,189,837,17,rocsolver,0.128601000,0.242241994,0.004330000,0.112711000,0.136971000,0.249363000
3,189,837,18,cdls,0.124241002,0.239362001,0.004620000,0.091780000,0.131611000,0.246663000
3,189,837,19,rocsolver,0.123480998,0.239602000,0.004580000,0.107401000,0.130321000,0.245892000
3,189,837,20,cdls,0.125560999,0.240562007,0.004530000,0.092691000,0.133431000,0.247802000
3,189,837,21,rocsolver,0.124880999,0.240042001,0.004880000,0.112621000,0.131561000,0.245373000
3,189,837,22,cdls,0.125720993,0.240201995,0.004860000,0.092930000,0.132121000,0.247032000
3,189,837,23,rocsolver,0.124081001,0.239841998,0.004340000,0.115421000,0.131121000,0.246842000
3,189,837,24,cdls,0.123001002,0.239362001,0.004560000,0.092311000,0.130412000,0.246472000
3,189,837,25,rocsolver,0.126160994,0.240321994,0.004990000,0.130841000,0.133531000,0.247472000
3,189,837,26,cdls,0.123999998,0.239602000,0.004550000,0.091301000,0.131471000,0.247072000
3,189,837,27,rocsolver,0.126960993,0.240441993,0.004510000,0.113352000,0.132931000,0.248493000
3,189,837,28,cdls,0.123360999,0.240482002,0.004480000,0.089870000,0.129821000,0.246382000
3,189,837,29,rocsolver,0.124840997,0.240201995,0.004700000,0.109551000,0.130902000,0.246022000
3,27,201,0,cdls,0.014840000,0.020280000,0.001250000,0.002960000,0.028281000,0.028110000
3,27,201,1,rocsolver,0.014640000,0.020361001,0.001250000,0.003170000,0.022500000,0.026830000
3,27,201,2,cdls,0.014800000,0.020321000,0.001210000,0.002710000,0.021680000,0.026620000
3,27,201,3,rocsolver,0.014920000,0.020400001,0.001250000,0.002680000,0.021270000,0.026461000
3,27,201,4,cdls,0.014801000,0.018360000,0.001200000,0.002590000,0.020830000,0.025711000
3,27,201,5,rocsolver,0.014481000,0.020320000,0.001190000,0.002710000,0.021650000,0.027830000
3,27,201,6,cdls,0.014640000,0.018519999,0.001160000,0.002670000,0.021721000,0.026100000
3,27,201,7,rocsolver,0.014840000,0.020040000,0.001220000,0.002570000,0.021130000,0.027750000
3,27,201,8,cdls,0.013960000,0.018600000,0.001170000,0.002620000,0.020220000,0.024910000
3,27,201,9,rocsolver,0.013960000,0.018680001,0.001250000,0.002600000,0.019980000,0.024940000
3,27,201,10,cdls,0.014040000,0.018600000,0.001180000,0.002610000,0.020260000,0.024990000
3,27,201,11,rocsolver,0.013921000,0.018680001,0.001180000,0.002550000,0.026171000,0.025130000
3,27,201,12,cdls,0.015160000,0.018600000,0.001170000,0.002620000,0.021510000,0.024960000
3,27,201,13,rocsolver,0.013760000,0.020520000,0.001180000,0.002550000,0.020760000,0.026641000
3,27,201,14,cdls,0.013800000,0.018239999,0.001190000,0.002631000,0.019800000,0.024671000
3,27,201,15,rocsolver,0.013880000,0.018360000,0.001190000,0.002540000,0.020210000,0.025770000
3,27,201,16,cdls,0.013960000,0.018360000,0.001190000,0.002590000,0.021100000,0.025540000
3,27,201,17,rocsolver,0.013641000,0.018360000,0.001180000,0.002560000,0.021090000,0.025450000
3,27,201,18,cdls,0.013720000,0.018600000,0.001180000,0.002590000,0.021180000,0.025901000
3,27,201,19,rocsolver,0.013680000,0.018479999,0.001200000,0.002570000,0.021150000,0.025750000
3,27,201,20,cdls,0.013600000,0.018440001,0.001210000,0.002550000,0.021001000,0.025880000
3,27,201,21,rocsolver,0.013960000,0.018440001,0.001190000,0.002550000,0.020391000,0.025970000
3,27,201,22,cdls,0.013681000,0.018759999,0.001200000,0.002550000,0.021180000,0.025090000
3,27,201,23,rocsolver,0.014880000,0.020479999,0.001190000,0.002530000,0.025280000,0.028061000
3,27,201,24,cdls,0.013520000,0.023399999,0.001190000,0.011070000,0.020070000,0.030510000
3,27,201,25,rocsolver,0.014040000,0.018479999,0.001200000,0.002650000,0.020170000,0.026390000
3,27,201,26,cdls,0.014000000,0.018400000,0.001190000,0.002640000,0.020050000,0.024570000
3,27,201,27,rocsolver,0.014040000,0.020040000,0.001210000,0.002570000,0.020290000,0.026070000
3,27,201,28,cdls,0.014400000,0.018640000,0.001160000,0.002550000,0.021360000,0.026090000
3,27,201,29,rocsolver,0.013600000,0.018600000,0.001170000,0.002560000,0.020950000,0.025940000
3,351,1914,0,cdls,0.252923012,0.472164989,0.005320000,0.179031000,0.266392000,0.479504000
3,351,1914,1,rocsolver,0.256882995,0.472725004,0.005481000,0.205282000,0.264313000,0.480734000
3,351,1914,2,cdls,0.248642996,0.469884992,0.004340000,0.177231000,0.255812000,0.478124000
3,351,1914,3,rocsolver,0.255322993,0.471605986,0.005200000,0.217052000,0.263252000,0.478514000
3,351,1914,4,cdls,0.253883004,0.468005002,0.004370000,0.173471000,0.261623000,0.476434000
3,351,1914,5,rocsolver,0.303243011,0.471884996,0.058621000,0.202772000,0.312183000,0.479014000
3,351,1914,6,cdls,0.249642998,0.468005002,0.004610000,0.175012000,0.257402000,0.475074000
3,351,1914,7,rocsolver,0.251121998,0.467325002,0.005390000,0.207591000,0.258352000,0.472764000
3,351,1914,8,cdls,0.250322014,0.467844993,0.004430000,0.172282000,0.257342000,0.475264000
3,351,1914,9,rocsolver,0.252523005,0.467005014,0.005430000,0.199572000,0.259002000,0.475125000
3,351,1914,10,cdls,0.249322996,0.467565000,0.004280000,0.174331000,0.255583000,0.474324000
3,351,1914,11,rocsolver,0.253282994,0.473805010,0.005300000,0.215262000,0.259722000,0.480295000
3,351,1914,12,cdls,0.253163010,0.465445012,0.004370000,0.172591000,0.260143000,0.472134000
3,351,1914,13,rocsolver,0.251682997,0.466165006,0.005210000,0.193552000,0.258003000,0.473824000
3,351,1914,14,cdls,0.248003006,0.466605008,0.004440000,0.170681000,0.254512000,0.473684000
3,351,1914,15,rocsolver,0.250562996,0.465725005,0.005211000,0.217962000,0.258003000,0.472024000
3,351,1914,16,cdls,0.248723000,0.467884988,0.004230000,0.173272000,0.255392000,0.474965000
3,351,1914,17,rocsolver,0.251042992,0.466924995,0.005420000,0.222602000,0.258472000,0.473034000
3,351,1914,18,cdls,0.254321992,0.466244996,0.004560000,0.180932000,0.261812000,0.473615000
3,351,1914,19,rocsolver,0.249043003,0.465965003,0.004880000,0.211682000,0.255352000,0.472014000
3,351,1914,20,cdls,0.252083004,0.466405004,0.004780000,0.171222000,0.258452000,0.472384000
3,351,1914,21,rocsolver,0.250241995,0.466924995,0.005210000,0.214442000,0.257792000,0.473995000
3,351,1914,22,cdls,0.245802000,0.467525005,0.004210000,0.180811000,0.251993000,0.473714000
3,351,1914,23,rocsolver,0.255683005,0.466924995,0.011540000,0.205572000,0.262442000,0.473095000
3,351,1914,24,cdls,0.249243006,0.466165006,0.004440000,0.170731000,0.255913000,0.473084000
3,351,1914,25,rocsolver,0.250001997,0.465485007,0.004900000,0.201612000,0.257883000,0.472744000
3,351,1914,26,cdls,0.247442007,0.467164993,0.004380000,0.170991000,0.255662000,0.474894000
3,351,1914,27,rocsolver,0.251563013,0.465885013,0.005610000,0.204362000,0.257783000,0.472924000
3,351,1914,28,cdls,0.249283001,0.465844989,0.005530000,0.175732000,0.257122000,0.473884000
3,351,1914,29,rocsolver,0.250802010,0.465685010,0.005210000,0.200581000,0.257812000,0.471614000
