backend,n,lda,trial,samples,median_us,p10_us,p90_us,q25_us,q75_us,min_us,max_us,stdev_us,mad_us
cdls,27,201,1,30,13.98,13.6409,14.76,13.780750000000001,14.530000000000001,13.559999999999999,14.959999999999999,0.4338249872243758,0.2795000000000005
cdls,27,201,2,30,13.96,13.636,14.772,13.75025,14.52,13.559999999999999,16.720001000000003,0.6906963459362511,0.28000000000000114
cdls,27,201,3,30,13.98,13.6369,14.844000000000001,13.77,14.64,13.520000000000001,15.16,0.49381708768728755,0.31950000000000056
rocsolver,27,201,1,30,18.619999999999997,18.32,20.0520001,18.440001000000002,19.71,18.200001,20.880001,0.7678759084153207,0.23999999999999666
rocsolver,27,201,2,30,18.519999,18.3159999,20.2920999,18.330750000000002,19.830751,18.16,22.32,1.0113729882588913,0.19999899999999826
rocsolver,27,201,3,30,18.599999999999998,18.360000000000003,20.4080008,18.4500005,20.22,18.239999,23.399999,1.1563824324577914,0.2199999999999971
cdls,189,837,1,30,126.1614935,124.6579016,130.43300029999997,125.03099775,128.04100325000002,123.760998,139.44199700000001,3.0701162423171624,1.1804925000000068
cdls,189,837,2,30,126.361005,124.00190140000001,129.001006,125.25100275,127.51099450000001,123.480998,144.681007,3.7030400661008223,1.1599955000000008
cdls,189,837,3,30,125.9410005,123.948098,128.6169993,124.49100225000001,128.13099475,123.001002,132.521003,2.1837233288751716,1.719999499999993
rocsolver,189,837,1,30,242.2825025,241.0950052,247.694904,241.442993,246.61225075,240.722999,263.60300199999995,4.627829789855257,1.4595020000000005
rocsolver,189,837,2,30,241.7025045,239.94689580000002,246.8910013,240.362003,244.872749,239.482999,249.602005,2.915597985840104,1.6600044999999994
rocsolver,189,837,3,30,240.86149799999998,239.602,246.538,240.11199575,245.42200549999998,239.362001,287.602007,8.723805994681891,1.2594979999999794
cdls,351,1914,1,30,250.382006,247.8459942,253.8100066,248.79200375,251.48200225,246.281996,263.722003,3.3418817701132664,1.359999000000002
cdls,351,1914,2,30,251.662001,249.2819978,254.7620024,250.26200675,253.95200400000002,248.321995,259.323001,2.5159188412467497,1.699492499999991
cdls,351,1914,3,30,250.922501,248.57899700000002,255.3589942,249.29299975,253.1030105,245.802,303.243011,9.850911905373234,1.7794965000000218
rocsolver,351,1914,1,30,467.323512,465.32001160000004,471.5750958,466.05324700000006,469.323248,464.964002,480.883986,3.6739086001146863,1.640006999999997
rocsolver,351,1914,2,30,467.4444945,466.43289930000003,473.76410699999997,466.9242425,469.654992,465.644002,476.045012,2.835245362903312,0.960007499999989
rocsolver,351,1914,3,30,466.9650045,465.7210055,471.9129953,466.165006,467.97499849999997,465.445012,473.80501000000004,2.351088604248844,0.9599925000000269
