experiment,candidate,n,lda,panel,tail,trials,pairs,ck_ms,solver_ms,ck_trial_min_ms,ck_trial_max_ms,solver_trial_min_ms,solver_trial_max_ms,speedup,speedup_trial_min,speedup_trial_max,ck_tflops,solver_tflops,ck_mean_ms,ck_p05_ms,ck_p95_ms,ck_cv_percent,solver_p05_ms,solver_p95_ms,solver_cv_percent
regular,phase15,128,128,512,4096,3,90,0.113881,0.150622,0.113681,0.113942,0.150141,0.150682,1.322446,1.318403,1.324953,0.01220474003565125,0.009227655986509275,0.11449661127777777,0.1127789989,0.11975300065,2.217450852200058,0.1489794466,0.15372599575,1.0505207188331909
regular,phase15,256,256,512,4096,3,90,0.245462,0.323283,0.245283,0.245802,0.322783,0.323363,1.317039,1.313183,1.318329,0.04543269426632228,0.03449609165962949,0.2456666883111111,0.24392244455,0.2478770024,0.547711824651252,0.3210610123,0.32944700695,1.4261321455155576
regular,phase15,512,512,512,4096,3,90,0.515504,0.690947,0.514804,0.516605,0.690346,0.692666,1.340804,1.340331,1.340987,0.17332033893044477,0.12931140593996357,0.5158861537555556,0.5115305450500001,0.52143701025,0.5960653626892971,0.688516003,0.70592897835,1.4935273030122898
regular,phase15,1024,1024,512,4096,3,90,1.108591,1.740656,1.10243,1.10941,1.739776,1.743375,1.571444,1.570152,1.578128,0.6452365426022763,0.41093899311523935,1.105536196,1.0781835378,1.13308442265,1.4586997603980334,1.7132694420999999,1.7641924381999998,0.9720463502633687
regular,phase15,2048,2048,512,4096,3,90,2.380822,3.903831,2.372422,2.405362,3.901571,3.912991,1.643546,1.622031,1.645505,2.404432405278513,1.4663866258554739,2.393816177077778,2.32651344515,2.4770144580499998,1.8994003297936108,3.86385506375,3.9350034241,0.5339224923003343
regular,phase15,2560,2560,512,4096,3,90,3.27685,5.061491,3.26223,3.29625,5.056285,5.068911,1.543033,1.53553,1.553818,3.4122811358469263,2.209138263804084,3.2850991990888887,3.14304053775,3.44794557135,2.7945720937070493,5.0304809090500004,5.09015555405,0.37768448678073646
regular,phase15,3072,3072,512,4096,3,90,4.198158,6.263906,4.183779,4.202778,6.256577,6.299252,1.497189,1.488676,1.50048,4.602645666980614,3.08475793346835,4.196173742122222,4.0984736444,4.3051833393,1.5484981248921021,6.2234923598,6.36454398635,0.682349502217713
regular,phase15,4096,4096,512,4096,3,90,6.001195,9.105569,5.986034,6.008615,9.103812,9.125058,1.517293,1.515127,1.524391,7.632579044673602,5.030393509730144,5.983020284433334,5.8410672903,6.1183984282,1.6205126199799982,9.023696661,9.1952216152,0.6148562227558316
regular,phase15,6144,6144,512,4096,3,90,12.544025,16.365473,12.528049,12.583976,16.346169,16.38707,1.303104,1.300501,1.308031,12.324588580140745,9.446714266309321,12.565314081033334,12.3726724625,12.7283396721,0.8644665121110304,16.2489952088,16.48096122745,0.454535255482312
regular,phase15,8192,8192,512,4096,3,90,21.995315,26.525423,21.971695,22.000236,26.48548,26.601089,1.207254,1.204142,1.209127,16.6612899214219,13.815814365260074,21.987696880744444,21.7767414093,22.1814584729,0.55493330954362,26.3297719004,26.7021191596,0.46448198824526027
regular,phase15,12288,12288,512,4096,3,90,54.622923,58.852953,54.618311,54.625147,58.788031,58.945496,1.077441,1.076343,1.079091,22.643883076854014,21.016363983095292,54.64287855365556,54.21914596595,55.0316564559,0.505719440970316,58.4212135312,59.330338859600005,0.4471614798272832
regular,phase15,16384,16384,512,4096,3,90,112.19112,112.042149,111.971256,112.265312,111.935715,112.088932,0.998429,0.997723,1.000633,26.1330556905395,26.16780214510166,112.08360536363334,111.17078018174999,112.8138896943,0.4041105140547397,111.33892707815001,112.66963539129999,0.37519268562115987
regular,phase19,128,128,512,4096,3,90,0.106301,0.150762,0.106161,0.106441,0.150422,0.150882,1.416919,1.416386,1.419385,0.013075022812579372,0.009219087037847733,0.10695211105555555,0.1052729989,0.111729003,1.9658846377623953,0.1488995502,0.1541654483,1.073775168638434
regular,phase19,256,256,512,4096,3,90,0.230822,0.323563,0.230162,0.231602,0.323263,0.323723,1.400486,1.397065,1.406501,0.04831428546672328,0.03446623995945148,0.23120208876666667,0.2292785477,0.234242007,0.6302691572923611,0.32138055695,0.32994900634999996,1.5905368001727487
regular,phase19,512,512,512,4096,3,90,0.486305,0.692566,0.484945,0.486524,0.691346,0.692686,1.424139,1.420992,1.428382,0.1837269367989225,0.12900911682063515,0.4861445331222222,0.48126255290000003,0.49111444805,0.6264664745933604,0.6897230090500001,0.70640055535,0.7381866216639479
regular,phase19,1024,1024,512,4096,3,90,1.04997,1.735636,1.039669,1.05047,1.734616,1.746856,1.663719,1.651276,1.669412,0.6812608207853557,0.4121275566996767,1.0470184035111112,1.0169829901,1.0714220051,1.7223616174508494,1.7128334996,1.76004198775,0.9789683838391109
regular,phase19,2048,2048,512,4096,3,90,2.302082,3.917395,2.240821,2.302121,3.908656,3.927363,1.701646,1.697879,1.752644,2.486673180190801,1.461309254747096,2.2880988756555554,2.21409245755,2.3827710268,2.4166424411974368,3.877937651,3.95085299015,0.5676869280297593
regular,phase19,2560,2560,512,4096,3,90,3.14497,5.07391,3.140049,3.145969,5.070141,5.088842,1.613341,1.611631,1.620625,3.555370461403448,2.2037311343717176,3.1511091364444446,3.0592875003,3.27273647785,2.1770543288886275,5.04246103765,5.1076545238,0.41424429385478195
regular,phase19,3072,3072,512,4096,3,90,3.897535,6.271904,3.877295,3.911235,6.241386,6.274587,1.609198,1.604247,1.609727,4.957654960891949,3.080824216697194,3.8933222081777776,3.8023745179,3.9956179978,1.5690573643262626,6.20767843755,6.3084770677,0.4485015531341596
regular,phase19,4096,4096,512,4096,3,90,5.677653,9.099662,5.654211,5.721132,9.080331,9.103973,1.603475,1.590535,1.605941,8.06752283029625,5.033658964475824,5.6741988871333335,5.52327742595,5.8081450463,1.704132037098684,9.0162077427,9.1830251215,0.6747210771921328
regular,phase19,6144,6144,512,4096,3,90,12.017885,16.421725,11.978744,12.064626,16.345464,16.427963,1.366441,1.354826,1.371426,12.86415598618226,9.414354902667048,12.018389723,11.83293495185,12.17829484955,0.9545773304839501,16.2723403931,16.52306308735,0.4693073906554082
regular,phase19,8192,8192,512,4096,3,90,21.293975,26.556189,21.202591,21.297851,26.505657,26.559544,1.247053,1.244749,1.252497,17.210047449008464,13.7998084035326,21.26040159868889,21.0662299156,21.42381200785,0.5220056589354427,26.357607936850002,26.7161679268,0.3979205277024593
regular,phase19,12288,12288,512,4096,3,90,53.05043,58.864756,53.030373,53.139246,58.853895,59.007826,1.109815,1.1096,1.110438,23.315081173291148,21.01214998203679,53.134980477233334,52.63683986675,53.6905096055,0.6099870005868866,58.525824737200004,59.3626173021,0.4358043304166037
regular,phase19,16384,16384,512,4096,3,90,110.509098,111.910507,110.358101,110.534588,111.726597,111.997688,1.012448,1.011017,1.014857,26.530818186064643,26.198583721401604,110.51083365542222,109.7322376251,111.29573936475,0.45732414177650005,111.2207042692,112.7472427364,0.389841170965521
irregular,phase15,255,272,512,4096,3,90,0.244643,0.327623,0.244103,0.244723,0.327543,0.327983,1.34066,1.338426,1.342153,0.04505215763377657,0.03364139575060359,0.24461661113333333,0.2425805494,0.2468619973,0.5931078275026184,0.32497300230000004,0.33411700315,1.5090879306120848
irregular,phase15,257,274,512,4096,3,90,0.276063,0.343984,0.275442,0.276363,0.343663,0.345023,1.246033,1.24352,1.252616,0.040872293643117695,0.03280189776268664,0.27605764404444444,0.2742824508,0.27854244115,0.4706887366411399,0.342043012,0.3505849991,1.4020471536958612
irregular,phase15,511,528,512,4096,3,90,0.511805,0.698486,0.509185,0.512305,0.697827,0.698527,1.364829,1.36342,1.370477,0.17355159679956234,0.12716729469166166,0.5115224262111111,0.50735243245,0.5157285601,0.5961084940328693,0.69494047765,0.7112285734,0.76342312393664
irregular,phase15,513,530,512,4096,3,90,0.551325,0.943588,0.549105,0.555445,0.943509,0.944489,1.711347,1.700419,1.718411,0.16301116038634203,0.09524509425723938,0.5515557229555555,0.54321098935,0.56086699365,0.9704870339633191,0.9361969916,0.9625709711,0.9881972473133039
irregular,phase15,1023,1040,512,4096,3,90,1.11057,1.999438,1.103031,1.114769,1.999017,2.000038,1.80037,1.793211,1.813221,0.642201160665244,0.35670490557846757,1.1082206434555555,1.0801320017,1.1314895627000001,1.4418178902261374,1.98443743585,2.02008043525,0.5446323689824075
irregular,phase15,1025,1041,512,4096,3,90,1.14611,1.962518,1.139151,1.148151,1.959858,1.964798,1.71233,1.70697,1.724792,0.6259448045999075,0.36555160258402725,1.1450543735111112,1.1161019804,1.1694825289500002,1.7264503554835575,1.94528995755,1.9864614788,0.6987835106471597
irregular,phase15,2047,2064,512,4096,3,90,2.451023,4.174188,2.447282,2.473182,4.171798,4.180203,1.703039,1.686814,1.7081,2.3321458440006477,1.3694024090433876,2.460915327088889,2.3743835449999997,2.5608459591,2.601131983547963,4.15063240565,4.19441986095,0.3356729803130788
irregular,phase15,2048,2065,512,4096,3,90,2.460923,3.956666,2.435322,2.471083,3.951146,3.971702,1.607798,1.607272,1.622433,2.3261701272246222,1.4468053578442053,2.457181427177778,2.3803190233000002,2.56649894725,2.491863579152583,3.9300020577,3.9904128909,0.5056183542862834
irregular,phase15,2049,2066,512,4096,3,90,2.518183,4.184579,2.496382,2.539303,4.157538,4.193408,1.665252,1.647924,1.665425,2.2766082623860138,1.3700102743908047,2.518473275511111,2.4285039667499997,2.6175835374,2.207751787951227,4.14190549855,4.2103984595,0.5369738183776402
irregular,phase15,2559,2576,512,4096,3,90,3.29251,5.318714,3.29037,3.313091,5.316773,5.320053,1.615398,1.605768,1.615859,3.392072892413387,2.0998372762664057,3.2993185572555555,3.17730095355,3.42588689335,2.3060266964705405,5.29459939005,5.34338910615,0.2760336537142943
irregular,phase15,2560,2577,512,4096,3,90,3.34317,5.107836,3.33733,3.367051,5.100991,5.122306,1.525795,1.517006,1.534851,3.344590146477744,2.189094058618953,3.3607136487666667,3.2269035102,3.5214100601,2.558236570895356,5.07724947955,5.14135196185,0.4448047903641738
irregular,phase15,2561,2578,512,4096,3,90,3.471592,5.356189,3.465092,3.508991,5.356068,5.357378,1.542863,1.526757,1.545722,3.2246425271172416,2.0900388690540983,3.491825199188889,3.4233689785,3.58271098155,1.423920036040123,5.32613401405,5.3962287426,0.4311064717361508
irregular,phase15,4095,4095,512,4096,3,90,6.092756,9.603908,6.069416,6.095756,9.600307,9.605087,1.576477,1.575507,1.581751,7.5123725708037545,4.765877917093749,6.080729129544444,5.9462640522,6.20864863425,1.5145431873177624,9.50309619895,9.71605272285,0.8369924951691884
irregular,phase15,4095,4112,512,4096,3,90,6.063515,9.454543,6.045855,6.091556,9.435645,9.475246,1.562666,1.548971,1.563806,7.548600614495058,4.841170329967298,6.0686316755666665,5.9076276305499995,6.21379864225,1.7008559064801019,9.35425624845,9.5737150188,0.8714101222414121
irregular,phase15,4096,4113,512,4096,3,90,6.113715,9.209554,6.108624,6.143561,9.164628,9.241661,1.506376,1.491745,1.512888,7.492105078499734,4.973595377148556,6.1200950410555555,5.980657911500001,6.25795059235,1.4020176315974382,9.1088713643,9.31009349805,0.760419569283665
irregular,phase15,4097,4097,512,4096,3,90,6.661925,9.505202,6.647686,6.665945,9.495042,9.505907,1.426795,1.42604,1.428323,6.880616897968681,4.822428153341717,6.652160437866667,6.5077944275,6.78144669555,1.2884907202021172,9.4057574273,9.61204199795,0.7454992155451576
irregular,phase15,4097,4114,512,4096,3,90,6.674031,9.538842,6.646311,6.716727,9.502206,9.601948,1.429558,1.429248,1.429696,6.868136172576962,4.805421216537605,6.6628988901333335,6.4915170197,6.8002431152,1.4458652092859332,9.42562432295,9.656445312399999,0.7906974159318555
irregular,phase15,8191,8191,512,4096,3,90,23.034011,28.083136,23.01935,23.084196,28.037525,28.097092,1.217223,1.216552,1.220586,15.904139620971788,13.04470152389676,23.0496245914,22.83799505255,23.236902332449997,0.5125965966000888,27.87362737615,28.20120573025,0.3989049759228757
irregular,phase15,8191,8208,512,4096,3,90,22.469975,27.284079,22.447898,22.486511,27.276385,27.284614,1.213904,1.213377,1.21544,16.303361573611006,13.426736045405821,22.475609440266666,22.3252229687,22.6333976744,0.4410295233007128,27.133032131249998,27.46447305665,0.39193219307096244
irregular,phase15,8192,8209,512,4096,3,90,22.827889,27.320555,22.810158,22.95914,27.297501,27.342832,1.195796,1.190934,1.197736,16.053622835120674,13.41372165126221,22.874099901055555,22.6513221744,23.068212223049997,0.5771275193067894,27.1868074416,27.4474170685,0.292195864611799
irregular,phase15,8193,8193,512,4096,3,90,23.906283,28.094266,23.859974,23.93147,28.082542,28.210664,1.177464,1.174693,1.17881,15.335070953857613,13.04908788320008,23.904668850377778,23.69704141615,24.104721546249998,0.528411937684511,27.91116991045,28.29372653955,0.4275084940786763
irregular,phase15,8193,8210,512,4096,3,90,23.926924,28.077072,23.903832,23.985866,28.068071,28.150863,1.173644,1.173451,1.174208,15.321841873531257,13.057078959230507,23.924746068333334,23.710846042550003,24.121920299499997,0.5771294213836375,27.973868274650002,28.2591561318,0.34615432282687997
irregular,phase19,255,272,512,4096,3,90,0.229702,0.327983,0.228982,0.230002,0.327903,0.328003,1.427863,1.426088,1.432003,0.04798258177987132,0.033604470353646373,0.2298687442777778,0.2279179998,0.2329225519,0.7070934453059028,0.32562100575,0.3344149929,1.4902197484847164
irregular,phase19,257,274,512,4096,3,90,0.261482,0.344983,0.261422,0.261903,0.344443,0.345623,1.317575,1.317217,1.321785,0.04315145210760205,0.03270691019557486,0.2618779672666667,0.25977200135,0.26534399725,0.6133389719474831,0.34275900705,0.3505890027,1.6075556005084461
irregular,phase19,511,528,512,4096,3,90,0.482686,0.698528,0.482544,0.483564,0.697327,0.699287,1.447169,1.442056,1.449166,0.18402144458302083,0.12715964857528975,0.48321371036666666,0.47857098985,0.4883140042,0.6531788714653909,0.69536743485,0.71163490745,0.9219427814506498
irregular,phase19,513,530,512,4096,3,90,0.523705,0.947069,0.521565,0.527845,0.944709,0.949149,1.808402,1.789747,1.81981,0.1716083062029196,0.09489501609703199,0.5239421903555556,0.51482256045,0.53492499585,1.2098545622590988,0.9371209891000001,0.9680529802,1.1013347083890739
irregular,phase19,1023,1040,512,4096,3,90,1.05173,1.998079,1.05169,1.05455,1.994098,2.006618,1.899802,1.89609,1.902819,0.6781296939328535,0.3569475195925687,1.0530495762444445,1.0317435379500002,1.0747339785,1.3925962192892218,1.98505795,2.02047799815,0.5573250318766835
irregular,phase19,1025,1041,512,4096,3,90,1.09137,1.960478,1.09073,1.09657,1.955538,1.961298,1.792871,1.788575,1.796346,0.657340407011371,0.36593198189421156,1.0908033569555555,1.0608515680000001,1.1150039973499999,1.4811220871568707,1.93554348335,1.981816,0.7752835562077579
irregular,phase19,2047,2064,512,4096,3,90,2.365022,4.171592,2.341761,2.369841,4.171022,4.177919,1.766546,1.760043,1.781391,2.416951344638654,1.3702545941693243,2.3581757413111113,2.2739309904,2.46643608805,2.3209108801169256,4.150073694950001,4.19299471355,0.3165238802712937
irregular,phase19,2048,2065,512,4096,3,90,2.353541,3.957961,2.327181,2.443383,3.954382,3.960036,1.681704,1.620719,1.699215,2.4323033114783215,1.446331979521779,2.3758021408,2.2666669608000003,2.4951866032,3.053576344320045,3.92773356455,3.9807609558499997,0.4468618246643673
irregular,phase19,2049,2066,512,4096,3,90,2.396122,4.172773,2.376201,2.412342,4.162878,4.196553,1.73734,1.72976,1.766076,2.3925811056365243,1.373886435710737,2.402974687588889,2.32472903725,2.49762858135,2.3801518476746453,4.1488324401,4.2060978173,0.4726745487357943
irregular,phase19,2559,2576,512,4096,3,90,3.176929,5.323484,3.142069,3.188209,5.313893,5.332164,1.67567,1.666733,1.697023,3.5154811199746674,2.0979557596115628,3.1771986405555555,3.05847533925,3.3255900381,2.6888349402406355,5.2993474245000005,5.3447500944,0.2787097320843516
irregular,phase19,2560,2577,512,4096,3,90,3.197569,5.113687,3.182009,3.213329,5.092767,5.130342,1.592699,1.591398,1.612297,3.496885740385899,2.186589331728751,3.2075616280444446,3.0799260378,3.3778630617500003,3.0497708719909653,5.0709544179999995,5.1546638965,0.5101527456205025
irregular,phase19,2561,2578,512,4096,3,90,3.225469,5.362059,3.212189,3.243449,5.344168,5.375914,1.657468,1.656866,1.669285,3.4707024621845695,2.0877508434726284,3.237383855677778,3.1573764325,3.3433393839999996,1.7358991107394472,5.328933596600001,5.4022550344999996,0.48898912692860214
irregular,phase19,4095,4095,512,4096,3,90,5.792673,9.630932,5.781373,5.794053,9.563362,9.634973,1.66221,1.650941,1.666554,7.9015426997173845,4.752505059219606,5.776923841922223,5.6229451182500005,5.90606806305,1.6599631198722808,9.49568366985,9.7169925689,0.7114150192145068
irregular,phase19,4095,4112,512,4096,3,90,5.735632,9.486006,5.728072,5.741773,9.450582,9.493737,1.65345,1.649871,1.653873,7.980123734402765,4.8251132304786655,5.7277721617,5.58183257555,5.8627177002,1.5978097344149325,9.33810315125,9.57510585785,0.876709095981368
irregular,phase19,4096,4113,512,4096,3,90,5.796033,9.216219,5.766493,5.816573,9.212144,9.262235,1.592387,1.589388,1.598236,7.902749207949643,4.969998564487237,5.7836953481333335,5.63558759665,5.95250453955,1.7700375494102438,9.1267752172,9.29427204155,0.6505101567962511
irregular,phase19,4097,4097,512,4096,3,90,6.251292,9.513887,6.227203,6.269722,9.483811,9.520054,1.517434,1.517096,1.528785,7.332588803722494,4.81802587396718,6.255774619877778,6.1129270075,6.3981364014999995,1.4093847374659936,9.40359535225,9.598591518600001,0.6866911567550382
irregular,phase19,4097,4114,512,4096,3,90,6.278962,9.565999,6.256287,6.286514,9.541758,9.592342,1.52167,1.519639,1.533232,7.300275702894841,4.791779063326266,6.272078895577778,6.1425804853,6.3973990679499995,1.3400216136318106,9.4756005767,9.632818889700001,0.585368067315539
irregular,phase19,8191,8191,512,4096,3,90,22.290894,28.077982,22.280794,22.311245,28.039611,28.151242,1.258468,1.257895,1.263476,16.434339823920922,13.04709601192137,22.2840069029,22.0592318534,22.51817054745,0.6097777719516843,27.91780052155,28.26692037595,0.4141495481860659
irregular,phase19,8191,8208,512,4096,3,90,21.619768,27.287514,21.558016,21.659478,27.27811,27.457706,1.265335,1.259842,1.270028,16.94449852445225,13.425045864383247,21.607162263633334,21.42975673695,21.79843606935,0.5980753125357415,27.13448629375,27.5453786852,0.46073966510176223
irregular,phase19,8192,8209,512,4096,3,90,22.060812,27.228879,22.035712,22.103276,27.211905,27.398741,1.2349,1.231893,1.241964,16.611823722898325,13.458883861065306,22.04902608657778,21.8146372795,22.26632547375,0.6774639980338575,27.1130438803,27.486341381349998,0.45028347046587464
irregular,phase19,8193,8193,512,4096,3,90,23.007425,28.196163,22.986765,23.021112,28.077732,28.204719,1.224796,1.220377,1.226998,15.93418411873558,13.001930299807107,23.016366873833334,22.7408062935,23.260963535450003,0.7201294548628883,27.989184665699998,28.3006558417,0.38187569514320197
irregular,phase19,8193,8210,512,4096,3,90,23.110687,28.081721,22.928765,23.139873,28.078738,28.103982,1.214968,1.213564,1.225708,15.862987805079097,13.054917326755008,23.063844235733335,22.811646461349998,23.2798870088,0.6360483928838737,27.93770618425,28.305466270500002,0.3727537223655511
panel,panel1536,12288,12288,1536,4096,3,90,51.392092,58.896893,51.295879,51.446392,58.760004,59.028868,1.144821,1.143367,1.150753,24.067420367475993,21.000684734388283,51.35779007802222,50.8297754286,51.81049270645,0.6196345405559349,58.50429286955,59.3660041812,0.43605176602720397
panel,panel1536,16384,16384,1536,4096,3,90,101.20166,111.876984,101.192089,101.224548,111.795277,112.146854,1.10559,1.104678,1.107902,28.97083691061984,26.20643390729947,101.20892528951111,100.5043064116,101.8354907987,0.4046438304322452,110.99819641085,112.80440254165,0.485753762691348
panel,panel512,12288,12288,512,4096,3,90,53.22261,59.036383,53.097921,53.431696,58.856363,59.357283,1.1109,1.105853,1.11184,23.23965475815635,20.9510647311845,53.22930238511111,52.710399437,53.71798305515,0.6058213913484566,58.5662626267,59.68747348745,0.5986455949453273
panel,panel512,16384,16384,512,4096,3,90,110.534153,112.019421,110.3964,110.583023,111.846176,112.240768,1.013437,1.011423,1.016707,26.524804391851628,26.173111419170787,110.4480621337889,109.70389556895,111.09766883840001,0.4122434321969131,111.21277770965,112.85126419070001,0.452172685570675
