"Kind","Agent_Id","Queue_Id","Stream_Id","Thread_Id","Dispatch_Id","Kernel_Id","Kernel_Name","Correlation_Id","Start_Timestamp","End_Timestamp","LDS_Block_Size","Scratch_Size","VGPR_Count","Accum_VGPR_Count","SGPR_Count","Workgroup_Size_X","Workgroup_Size_Y","Workgroup_Size_Z","Grid_Size_X","Grid_Size_Y","Grid_Size_Z"
"KERNEL_DISPATCH","Agent 4",1,1,2777518,1,23,"void rocsolver::v33200::iota_n<double>(double*, unsigned int, double)",23581,608224105218981,608224105221381,0,0,4,4,16,32,1,1,32,1,1
"KERNEL_DISPATCH","Agent 4",1,1,2777518,2,44,"void rocsolver::v33200::reset_info<int, int, int>(int*, int, int, int)",23584,608224105226301,608224105228221,0,0,4,4,16,256,1,1,256,1,1
"KERNEL_DISPATCH","Agent 4",1,1,2777518,4,202,"void rocsolver::v33200::unit_forward_substitution_kernel<double, int, double*>(int, int, double*, int, int, long, long, double*, int, int, long, long)",23590,608224105245141,608224105254381,0,0,12,4,32,16,64,1,16,192,1
"KERNEL_DISPATCH","Agent 4",1,1,2777518,3,83,"void rocsolver::v33200::getf2_npvt_small_kernel<16, double, int, int, double*>(int, double*, long, int, long, int*, int, int)",23587,608224105235061,608224105242981,0,0,4,132,48,189,1,1,189,1,1
"KERNEL_DISPATCH","Agent 4",1,1,2777518,5,861,"Cijk_Ailk_Bljk_DB_MT128x64x16_MI16x16x4x1_SN_1LDSB1_APM1_ABV0_ACED0_AF0EM1_AF1EM1_AMAS0_ASE_ASGT_ASLT_ASM_ASAE01_ASCE01_ASEM1_AAC0_BL1_BS1_CLR0_DTLA0_DTLB0_DTVA0_DTVB0_DVO0_ETSP_EPS1_ELFLR0_EMLL0_FSSC10_FL0_GLVWA1_GLVWB1_GRCGA1_GRCGB1_GRPM1_GRVW1_GSU1_GSUASB_GLS0_ISA942_IU1_K1_KLA_LBSPPA0_LBSPPB128_LPA0_LPB1_LDL1_LRVW1_LWPMn1_LDW0_FMA_MIAV1_MDA2_MO40_MMFSC_MKFGSU256_NTA0_NTB0_NTC3_NTD3_NEPBS0_NLCA1_NLCB1_ONLL1_OPLV0_PK0_PAP0_PGR2_PLR5_PKA0_SIA3_SLW1_SS1_SU0_SUM0_SUS0_SCIUI1_SPO1_SRVW0_SSO6_SVW1_SNLL0_TSGRA0_TSGRB0_TT4_32_TLDS1_UMLDSA0_UMLDSB1_U64SL1_USFGROn1_VAW1_VSn1_VW1_VWB1_VFLRP0_WSGRA0_WSGRB0_WS64_WG32_8_1_WGM12",23593,608224105268705,608224105275345,25088,0,128,128,80,256,1,1,512,3,1
"KERNEL_DISPATCH","Agent 4",1,1,2777518,6,83,"void rocsolver::v33200::getf2_npvt_small_kernel<16, double, int, int, double*>(int, double*, long, int, long, int*, int, int)",23596,608224105288414,608224105296215,0,0,4,132,48,173,1,1,173,1,1
"KERNEL_DISPATCH","Agent 4",1,1,2777518,7,202,"void rocsolver::v33200::unit_forward_substitution_kernel<double, int, double*>(int, int, double*, int, int, long, long, double*, int, int, long, long)",23599,608224105301825,608224105310945,0,0,12,4,32,16,64,1,16,192,1
"KERNEL_DISPATCH","Agent 4",1,1,2777518,8,818,"Cijk_Ailk_Bljk_DB_MT128x64x16_MI16x16x4x1_SN_1LDSB1_APM1_ABV0_ACED0_AF0EM1_AF1EM1_AMAS0_ASE_ASGT_ASLT_ASM_ASAE01_ASCE01_ASEM1_AAC0_BL1_BS1_CLR0_DTLA0_DTLB0_DTVA0_DTVB0_DVO0_ETSP_EPS1_ELFLR0_EMLL0_FSSC10_FL0_GLVWA1_GLVWB1_GRCGA1_GRCGB1_GRPM1_GRVW1_GSU1_GSUASB_GLS0_ISA942_IU1_K1_KLA_LBSPPA0_LBSPPB128_LPA0_LPB1_LDL1_LRVW1_LWPMn1_LDW0_FMA_MIAV1_MDA2_MO40_MMFSC_MKFGSU256_NTA0_NTB0_NTC3_NTD3_NEPBS0_NLCA1_NLCB1_ONLL1_OPLV0_PK0_PAP0_PGR2_PLR5_PKA0_SIA3_SLW1_SS1_SU0_SUM0_SUS0_SCIUI1_SPO1_SRVW0_SSO6_SVW1_SNLL0_TSGRA0_TSGRB0_TT4_32_TLDS1_UMLDSA0_UMLDSB1_U64SL1_USFGROn1_VAW1_VSn1_VW1_VWB1_VFLRP0_WSGRA0_WSGRB0_WS64_WG32_8_1_WGM6",23602,608224105322525,608224105329285,25088,0,128,128,80,256,1,1,512,3,1
"KERNEL_DISPATCH","Agent 4",1,1,2777518,9,83,"void rocsolver::v33200::getf2_npvt_small_kernel<16, double, int, int, double*>(int, double*, long, int, long, int*, int, int)",23605,608224105332955,608224105340715,0,0,4,132,48,157,1,1,157,1,1
"KERNEL_DISPATCH","Agent 4",1,1,2777518,10,202,"void rocsolver::v33200::unit_forward_substitution_kernel<double, int, double*>(int, int, double*, int, int, long, long, double*, int, int, long, long)",23608,608224105346905,608224105356145,0,0,12,4,32,16,64,1,16,192,1
"KERNEL_DISPATCH","Agent 4",1,1,2777518,11,818,"Cijk_Ailk_Bljk_DB_MT128x64x16_MI16x16x4x1_SN_1LDSB1_APM1_ABV0_ACED0_AF0EM1_AF1EM1_AMAS0_ASE_ASGT_ASLT_ASM_ASAE01_ASCE01_ASEM1_AAC0_BL1_BS1_CLR0_DTLA0_DTLB0_DTVA0_DTVB0_DVO0_ETSP_EPS1_ELFLR0_EMLL0_FSSC10_FL0_GLVWA1_GLVWB1_GRCGA1_GRCGB1_GRPM1_GRVW1_GSU1_GSUASB_GLS0_ISA942_IU1_K1_KLA_LBSPPA0_LBSPPB128_LPA0_LPB1_LDL1_LRVW1_LWPMn1_LDW0_FMA_MIAV1_MDA2_MO40_MMFSC_MKFGSU256_NTA0_NTB0_NTC3_NTD3_NEPBS0_NLCA1_NLCB1_ONLL1_OPLV0_PK0_PAP0_PGR2_PLR5_PKA0_SIA3_SLW1_SS1_SU0_SUM0_SUS0_SCIUI1_SPO1_SRVW0_SSO6_SVW1_SNLL0_TSGRA0_TSGRB0_TT4_32_TLDS1_UMLDSA0_UMLDSB1_U64SL1_USFGROn1_VAW1_VSn1_VW1_VWB1_VFLRP0_WSGRA0_WSGRB0_WS64_WG32_8_1_WGM6",23611,608224105362555,608224105369435,25088,0,128,128,80,256,1,1,512,3,1
"KERNEL_DISPATCH","Agent 4",1,1,2777518,12,83,"void rocsolver::v33200::getf2_npvt_small_kernel<16, double, int, int, double*>(int, double*, long, int, long, int*, int, int)",23614,608224105374325,608224105382125,0,0,4,132,48,141,1,1,141,1,1
"KERNEL_DISPATCH","Agent 4",1,1,2777518,13,202,"void rocsolver::v33200::unit_forward_substitution_kernel<double, int, double*>(int, int, double*, int, int, long, long, double*, int, int, long, long)",23617,608224105387566,608224105396686,0,0,12,4,32,16,64,1,16,128,1
"KERNEL_DISPATCH","Agent 4",1,1,2777518,14,818,"Cijk_Ailk_Bljk_DB_MT128x64x16_MI16x16x4x1_SN_1LDSB1_APM1_ABV0_ACED0_AF0EM1_AF1EM1_AMAS0_ASE_ASGT_ASLT_ASM_ASAE01_ASCE01_ASEM1_AAC0_BL1_BS1_CLR0_DTLA0_DTLB0_DTVA0_DTVB0_DVO0_ETSP_EPS1_ELFLR0_EMLL0_FSSC10_FL0_GLVWA1_GLVWB1_GRCGA1_GRCGB1_GRPM1_GRVW1_GSU1_GSUASB_GLS0_ISA942_IU1_K1_KLA_LBSPPA0_LBSPPB128_LPA0_LPB1_LDL1_LRVW1_LWPMn1_LDW0_FMA_MIAV1_MDA2_MO40_MMFSC_MKFGSU256_NTA0_NTB0_NTC3_NTD3_NEPBS0_NLCA1_NLCB1_ONLL1_OPLV0_PK0_PAP0_PGR2_PLR5_PKA0_SIA3_SLW1_SS1_SU0_SUM0_SUS0_SCIUI1_SPO1_SRVW0_SSO6_SVW1_SNLL0_TSGRA0_TSGRB0_TT4_32_TLDS1_UMLDSA0_UMLDSB1_U64SL1_USFGROn1_VAW1_VSn1_VW1_VWB1_VFLRP0_WSGRA0_WSGRB0_WS64_WG32_8_1_WGM6",23620,608224105404786,608224105411106,25088,0,128,128,80,256,1,1,256,2,1
"KERNEL_DISPATCH","Agent 4",1,1,2777518,15,83,"void rocsolver::v33200::getf2_npvt_small_kernel<16, double, int, int, double*>(int, double*, long, int, long, int*, int, int)",23623,608224105416665,608224105424266,0,0,4,132,48,125,1,1,125,1,1
"KERNEL_DISPATCH","Agent 4",1,1,2777518,16,202,"void rocsolver::v33200::unit_forward_substitution_kernel<double, int, double*>(int, int, double*, int, int, long, long, double*, int, int, long, long)",23626,608224105428536,608224105437696,0,0,12,4,32,16,64,1,16,128,1
"KERNEL_DISPATCH","Agent 4",1,1,2777518,17,933,"Cijk_Ailk_Bljk_DB_MT128x64x16_MI16x16x4x1_SN_1LDSB1_APM1_ABV0_ACED0_AF0EM1_AF1EM1_AMAS0_ASE_ASGT_ASLT_ASM_ASAE01_ASCE01_ASEM1_AAC0_BL1_BS1_CLR0_DTLA0_DTLB0_DTVA1_DTVB0_DVO0_ETSP_EPS1_ELFLR0_EMLL0_FSSC10_FL0_GLVWA1_GLVWB1_GRCGA1_GRCGB1_GRPM1_GRVW1_GSU1_GSUASB_GLS0_ISA942_IU1_K1_KLA_LBSPPA0_LBSPPB128_LPA0_LPB1_LDL1_LRVW1_LWPMn1_LDW0_FMA_MIAV1_MDA2_MO40_MMFSC_MKFGSU256_NTA0_NTB0_NTC3_NTD3_NEPBS0_NLCA2_NLCB1_ONLL1_OPLV0_PK0_PAP0_PGR2_PLR1_PKA0_SIA3_SLW1_SS1_SU0_SUM0_SUS0_SCIUI1_SPO1_SRVW0_SSO6_SVW1_SNLL0_TSGRA0_TSGRB0_TT2_64_TLDS1_UMLDSA0_UMLDSB1_U64SL1_USFGROn1_VAW1_VSn1_VW1_VWB1_VFLRP0_WSGRA0_WSGRB0_WS64_WG64_4_1_WGM6",23629,608224105448306,608224105456186,8704,0,40,128,80,256,1,1,256,2,1
"KERNEL_DISPATCH","Agent 4",1,1,2777518,18,83,"void rocsolver::v33200::getf2_npvt_small_kernel<16, double, int, int, double*>(int, double*, long, int, long, int*, int, int)",23632,608224105459926,608224105467606,0,0,4,132,48,109,1,1,109,1,1
"KERNEL_DISPATCH","Agent 4",1,1,2777518,19,202,"void rocsolver::v33200::unit_forward_substitution_kernel<double, int, double*>(int, int, double*, int, int, long, long, double*, int, int, long, long)",23635,608224105469746,608224105478826,0,0,12,4,32,16,64,1,16,128,1
"KERNEL_DISPATCH","Agent 4",1,1,2777518,20,1018,"Cijk_Ailk_Bljk_DB_MT64x64x16_MI16x16x4x1_SN_1LDSB1_APM1_ABV0_ACED0_AF0EM1_AF1EM1_AMAS3_ASE_ASGT_ASLT_ASM_ASAE01_ASCE01_ASEM1_AAC0_BL1_BS1_CLR0_DTLA0_DTLB0_DTVA0_DTVB0_DVO0_ETSP_EPS1_ELFLR0_EMLL0_FSSC10_FL0_GLVWA2_GLVWB2_GRCGA1_GRCGB1_GRPM1_GRVW2_GSU1_GSUASB_GLS0_ISA942_IU1_K1_KLA_LBSPPA0_LBSPPB128_LPA0_LPB4_LDL1_LRVW2_LWPMn1_LDW0_FMA_MIAV1_MDA2_MO40_MMFSC_MKFGSU256_NTA0_NTB0_NTC3_NTD3_NEPBS0_NLCA1_NLCB1_ONLL1_OPLV0_PK0_PAP0_PGR2_PLR5_PKA0_SIA3_SLW1_SS1_SU0_SUM0_SUS0_SCIUI1_SPO1_SRVW0_SSO6_SVW2_SNLL0_TSGRA0_TSGRB0_TT2_32_TLDS1_UMLDSA0_UMLDSB1_U64SL1_USFGROn1_VAW1_VSn1_VW2_VWB1_VFLRP0_WSGRA0_WSGRB0_WS64_WG32_8_1_WGM12",23638,608224105533057,608224105538217,18432,0,40,128,80,256,1,1,512,2,1
"KERNEL_DISPATCH","Agent 4",1,1,2777518,21,83,"void rocsolver::v33200::getf2_npvt_small_kernel<16, double, int, int, double*>(int, double*, long, int, long, int*, int, int)",23641,608224105541647,608224105549247,0,0,4,132,48,93,1,1,93,1,1
"KERNEL_DISPATCH","Agent 4",1,1,2777518,22,202,"void rocsolver::v33200::unit_forward_substitution_kernel<double, int, double*>(int, int, double*, int, int, long, long, double*, int, int, long, long)",23644,608224105553617,608224105562777,0,0,12,4,32,16,64,1,16,128,1
"KERNEL_DISPATCH","Agent 4",1,1,2777518,23,823,"Cijk_Ailk_Bljk_DB_MT64x64x16_MI16x16x4x1_SN_1LDSB1_APM1_ABV0_ACED0_AF0EM1_AF1EM1_AMAS0_ASE_ASGT_ASLT_ASM_ASAE01_ASCE01_ASEM1_AAC0_BL1_BS1_CLR0_DTLA0_DTLB0_DTVA1_DTVB0_DVO0_ETSP_EPS1_ELFLR0_EMLL0_FSSC10_FL0_GLVWA1_GLVWB1_GRCGA1_GRCGB1_GRPM1_GRVW1_GSU1_GSUASB_GLS0_ISA942_IU1_K1_KLA_LBSPPA0_LBSPPB128_LPA0_LPB4_LDL1_LRVW2_LWPMn1_LDW0_FMA_MIAV1_MDA2_MO40_MMFSC_MKFGSU256_NTA0_NTB0_NTC3_NTD3_NEPBS0_NLCA1_NLCB1_ONLL1_OPLV0_PK0_PAP0_PGR2_PLR5_PKA0_SIA3_SLW1_SS1_SU0_SUM0_SUS0_SCIUI1_SPO1_SRVW0_SSO6_SVW1_SNLL0_TSGRA0_TSGRB0_TT1_64_TLDS1_UMLDSA0_UMLDSB1_U64SL1_USFGROn1_VAW1_VSn1_VW1_VWB1_VFLRP0_WSGRA0_WSGRB0_WS64_WG64_4_1_WGM6",23647,608224105573704,608224105579064,10240,0,128,0,80,256,1,1,512,2,1
"KERNEL_DISPATCH","Agent 4",1,1,2777518,24,83,"void rocsolver::v33200::getf2_npvt_small_kernel<16, double, int, int, double*>(int, double*, long, int, long, int*, int, int)",23650,608224105581987,608224105589667,0,0,4,132,48,77,1,1,77,1,1
"KERNEL_DISPATCH","Agent 4",1,1,2777518,25,202,"void rocsolver::v33200::unit_forward_substitution_kernel<double, int, double*>(int, int, double*, int, int, long, long, double*, int, int, long, long)",23653,608224105591977,608224105601377,0,0,12,4,32,16,64,1,16,64,1
"KERNEL_DISPATCH","Agent 4",1,1,2777518,26,1067,"Cijk_Ailk_Bljk_DB_MT64x64x32_MI16x16x4x1_SN_1LDSB1_APM1_ABV0_ACED0_AF0EM1_AF1EM1_AMAS0_ASE_ASGT_ASLT_ASM_ASAE01_ASCE01_ASEM1_AAC0_BL1_BS1_CLR0_DTLA0_DTLB0_DTVA1_DTVB0_DVO0_ETSP_EPS1_ELFLR0_EMLL0_FSSC10_FL0_GLVWA1_GLVWB1_GRCGA1_GRCGB1_GRPM1_GRVW1_GSU1_GSUASB_GLS0_ISA942_IU1_K1_KLA_LBSPPA0_LBSPPB256_LPA0_LPB1_LDL1_LRVW1_LWPMn1_LDW0_FMA_MIAV1_MDA2_MO40_MMFSC_MKFGSU256_NTA0_NTB0_NTC3_NTD3_NEPBS0_NLCA1_NLCB1_ONLL1_OPLV0_PK0_PAP0_PGR2_PLR9_PKA0_SIA3_SLW1_SS1_SU0_SUM0_SUS0_SCIUI1_SPO1_SRVW0_SSO6_SVW1_SNLL0_TSGRA0_TSGRB0_TT1_64_TLDS1_UMLDSA0_UMLDSB1_U64SL1_USFGROn1_VAW1_VSn1_VW1_VWB1_VFLRP0_WSGRA0_WSGRB0_WS64_WG64_4_1_WGM12",23656,608224105617224,608224105623424,16896,0,40,128,80,256,1,1,256,1,1
"KERNEL_DISPATCH","Agent 4",1,1,2777518,27,83,"void rocsolver::v33200::getf2_npvt_small_kernel<16, double, int, int, double*>(int, double*, long, int, long, int*, int, int)",23659,608224105625668,608224105633188,0,0,4,132,48,61,1,1,61,1,1
"KERNEL_DISPATCH","Agent 4",1,1,2777518,28,202,"void rocsolver::v33200::unit_forward_substitution_kernel<double, int, double*>(int, int, double*, int, int, long, long, double*, int, int, long, long)",23662,608224105635968,608224105644328,0,0,12,4,32,16,64,1,16,64,1
"KERNEL_DISPATCH","Agent 4",1,1,2777518,29,927,"Cijk_Ailk_Bljk_DB_MT64x64x16_MI16x16x4x1_SN_1LDSB1_APM1_ABV0_ACED0_AF0EM1_AF1EM1_AMAS0_ASE_ASGT_ASLT_ASM_ASAE01_ASCE01_ASEM1_AAC0_BL1_BS1_CLR0_DTLA0_DTLB0_DTVA0_DTVB0_DVO0_ETSP_EPS1_ELFLR0_EMLL0_FSSC10_FL0_GLVWA1_GLVWB1_GRCGA1_GRCGB1_GRPM1_GRVW1_GSU1_GSUASB_GLS0_ISA942_IU1_K1_KLA_LBSPPA0_LBSPPB128_LPA0_LPB1_LDL1_LRVW1_LWPMn1_LDW0_FMA_MIAV1_MDA2_MO40_MMFSC_MKFGSU256_NTA0_NTB0_NTC3_NTD3_NEPBS0_NLCA1_NLCB1_ONLL1_OPLV0_PK0_PAP0_PGR2_PLR5_PKA0_SIA3_SLW1_SS1_SU0_SUM0_SUS0_SCIUI1_SPO1_SRVW0_SSO6_SVW1_SNLL0_TSGRA0_TSGRB0_TT2_32_TLDS1_UMLDSA0_UMLDSB1_U64SL1_USFGROn1_VAW1_VSn1_VW1_VWB1_VFLRP0_WSGRA0_WSGRB0_WS64_WG32_8_1_WGM6",23665,608224105658118,608224105662598,16896,0,40,128,80,256,1,1,256,1,1
"KERNEL_DISPATCH","Agent 4",1,1,2777518,30,83,"void rocsolver::v33200::getf2_npvt_small_kernel<16, double, int, int, double*>(int, double*, long, int, long, int*, int, int)",23668,608224105668058,608224105675578,0,0,4,132,48,45,1,1,45,1,1
"KERNEL_DISPATCH","Agent 4",1,1,2777518,31,202,"void rocsolver::v33200::unit_forward_substitution_kernel<double, int, double*>(int, int, double*, int, int, long, long, double*, int, int, long, long)",23671,608224105679297,608224105687058,0,0,12,4,32,16,64,1,16,64,1
"KERNEL_DISPATCH","Agent 4",1,1,2777518,32,828,"Cijk_Ailk_Bljk_DB_MT64x32x16_MI16x16x4x1_SN_1LDSB1_APM1_ABV0_ACED0_AF0EM1_AF1EM1_AMAS0_ASE_ASGT_ASLT_ASM_ASAE01_ASCE01_ASEM1_AAC0_BL1_BS1_CLR0_DTLA0_DTLB0_DTVA1_DTVB0_DVO0_ETSP_EPS1_ELFLR0_EMLL0_FSSC10_FL0_GLVWA1_GLVWB1_GRCGA1_GRCGB1_GRPM1_GRVW1_GSU1_GSUASB_GLS0_ISA942_IU1_K1_KLA_LBSPPA0_LBSPPB128_LPA0_LPB4_LDL1_LRVW2_LWPMn1_LDW0_FMA_MIAV1_MDA2_MO40_MMFSC_MKFGSU256_NTA0_NTB0_NTC3_NTD3_NEPBS4_NLCA1_NLCB1_ONLL1_OPLV0_PK0_PAP0_PGR2_PLR5_PKA0_SIA3_SLW1_SS1_SU0_SUM0_SUS0_SCIUI1_SPO1_SRVW0_SSO6_SVW1_SNLL0_TSGRA0_TSGRB0_TT1_32_TLDS1_UMLDSA0_UMLDSB1_U64SL1_USFGROn1_VAW1_VSn1_VW1_VWB1_VFLRP0_WSGRA0_WSGRB0_WS64_WG64_4_1_WGM12",23674,608224105711918,608224105716598,5120,0,64,0,80,256,1,1,256,1,1
"KERNEL_DISPATCH","Agent 4",1,1,2777518,33,83,"void rocsolver::v33200::getf2_npvt_small_kernel<16, double, int, int, double*>(int, double*, long, int, long, int*, int, int)",23677,608224105723905,608224105731305,0,0,4,132,48,29,1,1,29,1,1
"KERNEL_DISPATCH","Agent 4",1,1,2777518,34,202,"void rocsolver::v33200::unit_forward_substitution_kernel<double, int, double*>(int, int, double*, int, int, long, long, double*, int, int, long, long)",23680,608224105735089,608224105742289,0,0,12,4,32,16,64,1,16,64,1
"KERNEL_DISPATCH","Agent 4",1,1,2777518,35,828,"Cijk_Ailk_Bljk_DB_MT64x32x16_MI16x16x4x1_SN_1LDSB1_APM1_ABV0_ACED0_AF0EM1_AF1EM1_AMAS0_ASE_ASGT_ASLT_ASM_ASAE01_ASCE01_ASEM1_AAC0_BL1_BS1_CLR0_DTLA0_DTLB0_DTVA1_DTVB0_DVO0_ETSP_EPS1_ELFLR0_EMLL0_FSSC10_FL0_GLVWA1_GLVWB1_GRCGA1_GRCGB1_GRPM1_GRVW1_GSU1_GSUASB_GLS0_ISA942_IU1_K1_KLA_LBSPPA0_LBSPPB128_LPA0_LPB4_LDL1_LRVW2_LWPMn1_LDW0_FMA_MIAV1_MDA2_MO40_MMFSC_MKFGSU256_NTA0_NTB0_NTC3_NTD3_NEPBS4_NLCA1_NLCB1_ONLL1_OPLV0_PK0_PAP0_PGR2_PLR5_PKA0_SIA3_SLW1_SS1_SU0_SUM0_SUS0_SCIUI1_SPO1_SRVW0_SSO6_SVW1_SNLL0_TSGRA0_TSGRB0_TT1_32_TLDS1_UMLDSA0_UMLDSB1_U64SL1_USFGROn1_VAW1_VSn1_VW1_VWB1_VFLRP0_WSGRA0_WSGRB0_WS64_WG64_4_1_WGM12",23683,608224105756099,608224105760539,5120,0,64,0,80,256,1,1,256,1,1
"KERNEL_DISPATCH","Agent 4",1,1,2777518,36,136,"void rocsolver::v33200::getf2_npvt_small_kernel<13, double, int, int, double*>(int, double*, long, int, long, int*, int, int)",23686,608224105767665,608224105773505,0,0,92,4,48,13,1,1,13,1,1
"KERNEL_DISPATCH","Agent 4",1,1,2777518,37,23,"void rocsolver::v33200::iota_n<double>(double*, unsigned int, double)",23693,608224105845066,608224105846786,0,0,4,4,16,32,1,1,32,1,1
"KERNEL_DISPATCH","Agent 4",1,1,2777518,38,44,"void rocsolver::v33200::reset_info<int, int, int>(int*, int, int, int)",23696,608224105870106,608224105871946,0,0,4,4,16,256,1,1,256,1,1
"KERNEL_DISPATCH","Agent 4",1,1,2777518,39,83,"void rocsolver::v33200::getf2_npvt_small_kernel<16, double, int, int, double*>(int, double*, long, int, long, int*, int, int)",23699,608224105884626,608224105892706,0,0,4,132,48,189,1,1,189,1,1
"KERNEL_DISPATCH","Agent 4",1,1,2777518,40,202,"void rocsolver::v33200::unit_forward_substitution_kernel<double, int, double*>(int, int, double*, int, int, long, long, double*, int, int, long, long)",23702,608224105895100,608224105904380,0,0,12,4,32,16,64,1,16,192,1
"KERNEL_DISPATCH","Agent 4",1,1,2777518,41,861,"Cijk_Ailk_Bljk_DB_MT128x64x16_MI16x16x4x1_SN_1LDSB1_APM1_ABV0_ACED0_AF0EM1_AF1EM1_AMAS0_ASE_ASGT_ASLT_ASM_ASAE01_ASCE01_ASEM1_AAC0_BL1_BS1_CLR0_DTLA0_DTLB0_DTVA0_DTVB0_DVO0_ETSP_EPS1_ELFLR0_EMLL0_FSSC10_FL0_GLVWA1_GLVWB1_GRCGA1_GRCGB1_GRPM1_GRVW1_GSU1_GSUASB_GLS0_ISA942_IU1_K1_KLA_LBSPPA0_LBSPPB128_LPA0_LPB1_LDL1_LRVW1_LWPMn1_LDW0_FMA_MIAV1_MDA2_MO40_MMFSC_MKFGSU256_NTA0_NTB0_NTC3_NTD3_NEPBS0_NLCA1_NLCB1_ONLL1_OPLV0_PK0_PAP0_PGR2_PLR5_PKA0_SIA3_SLW1_SS1_SU0_SUM0_SUS0_SCIUI1_SPO1_SRVW0_SSO6_SVW1_SNLL0_TSGRA0_TSGRB0_TT4_32_TLDS1_UMLDSA0_UMLDSB1_U64SL1_USFGROn1_VAW1_VSn1_VW1_VWB1_VFLRP0_WSGRA0_WSGRB0_WS64_WG32_8_1_WGM12",23705,608224105922186,608224105929186,25088,0,128,128,80,256,1,1,512,3,1
"KERNEL_DISPATCH","Agent 4",1,1,2777518,42,83,"void rocsolver::v33200::getf2_npvt_small_kernel<16, double, int, int, double*>(int, double*, long, int, long, int*, int, int)",23708,608224105932950,608224105940710,0,0,4,132,48,173,1,1,173,1,1
"KERNEL_DISPATCH","Agent 4",1,1,2777518,43,202,"void rocsolver::v33200::unit_forward_substitution_kernel<double, int, double*>(int, int, double*, int, int, long, long, double*, int, int, long, long)",23711,608224105945149,608224105954310,0,0,12,4,32,16,64,1,16,192,1
"KERNEL_DISPATCH","Agent 4",1,1,2777518,44,818,"Cijk_Ailk_Bljk_DB_MT128x64x16_MI16x16x4x1_SN_1LDSB1_APM1_ABV0_ACED0_AF0EM1_AF1EM1_AMAS0_ASE_ASGT_ASLT_ASM_ASAE01_ASCE01_ASEM1_AAC0_BL1_BS1_CLR0_DTLA0_DTLB0_DTVA0_DTVB0_DVO0_ETSP_EPS1_ELFLR0_EMLL0_FSSC10_FL0_GLVWA1_GLVWB1_GRCGA1_GRCGB1_GRPM1_GRVW1_GSU1_GSUASB_GLS0_ISA942_IU1_K1_KLA_LBSPPA0_LBSPPB128_LPA0_LPB1_LDL1_LRVW1_LWPMn1_LDW0_FMA_MIAV1_MDA2_MO40_MMFSC_MKFGSU256_NTA0_NTB0_NTC3_NTD3_NEPBS0_NLCA1_NLCB1_ONLL1_OPLV0_PK0_PAP0_PGR2_PLR5_PKA0_SIA3_SLW1_SS1_SU0_SUM0_SUS0_SCIUI1_SPO1_SRVW0_SSO6_SVW1_SNLL0_TSGRA0_TSGRB0_TT4_32_TLDS1_UMLDSA0_UMLDSB1_U64SL1_USFGROn1_VAW1_VSn1_VW1_VWB1_VFLRP0_WSGRA0_WSGRB0_WS64_WG32_8_1_WGM6",23714,608224105965827,608224105972107,25088,0,128,128,80,256,1,1,512,3,1
"KERNEL_DISPATCH","Agent 4",1,1,2777518,45,83,"void rocsolver::v33200::getf2_npvt_small_kernel<16, double, int, int, double*>(int, double*, long, int, long, int*, int, int)",23717,608224105974651,608224105982531,0,0,4,132,48,157,1,1,157,1,1
"KERNEL_DISPATCH","Agent 4",1,1,2777518,46,202,"void rocsolver::v33200::unit_forward_substitution_kernel<double, int, double*>(int, int, double*, int, int, long, long, double*, int, int, long, long)",23720,608224105988971,608224105998291,0,0,12,4,32,16,64,1,16,192,1
"KERNEL_DISPATCH","Agent 4",1,1,2777518,47,818,"Cijk_Ailk_Bljk_DB_MT128x64x16_MI16x16x4x1_SN_1LDSB1_APM1_ABV0_ACED0_AF0EM1_AF1EM1_AMAS0_ASE_ASGT_ASLT_ASM_ASAE01_ASCE01_ASEM1_AAC0_BL1_BS1_CLR0_DTLA0_DTLB0_DTVA0_DTVB0_DVO0_ETSP_EPS1_ELFLR0_EMLL0_FSSC10_FL0_GLVWA1_GLVWB1_GRCGA1_GRCGB1_GRPM1_GRVW1_GSU1_GSUASB_GLS0_ISA942_IU1_K1_KLA_LBSPPA0_LBSPPB128_LPA0_LPB1_LDL1_LRVW1_LWPMn1_LDW0_FMA_MIAV1_MDA2_MO40_MMFSC_MKFGSU256_NTA0_NTB0_NTC3_NTD3_NEPBS0_NLCA1_NLCB1_ONLL1_OPLV0_PK0_PAP0_PGR2_PLR5_PKA0_SIA3_SLW1_SS1_SU0_SUM0_SUS0_SCIUI1_SPO1_SRVW0_SSO6_SVW1_SNLL0_TSGRA0_TSGRB0_TT4_32_TLDS1_UMLDSA0_UMLDSB1_U64SL1_USFGROn1_VAW1_VSn1_VW1_VWB1_VFLRP0_WSGRA0_WSGRB0_WS64_WG32_8_1_WGM6",23723,608224106015787,608224106022587,25088,0,128,128,80,256,1,1,512,3,1
"KERNEL_DISPATCH","Agent 4",1,1,2777518,48,83,"void rocsolver::v33200::getf2_npvt_small_kernel<16, double, int, int, double*>(int, double*, long, int, long, int*, int, int)",23726,608224106026071,608224106033831,0,0,4,132,48,141,1,1,141,1,1
"KERNEL_DISPATCH","Agent 4",1,1,2777518,49,202,"void rocsolver::v33200::unit_forward_substitution_kernel<double, int, double*>(int, int, double*, int, int, long, long, double*, int, int, long, long)",23729,608224106039391,608224106048591,0,0,12,4,32,16,64,1,16,128,1
"KERNEL_DISPATCH","Agent 4",1,1,2777518,50,818,"Cijk_Ailk_Bljk_DB_MT128x64x16_MI16x16x4x1_SN_1LDSB1_APM1_ABV0_ACED0_AF0EM1_AF1EM1_AMAS0_ASE_ASGT_ASLT_ASM_ASAE01_ASCE01_ASEM1_AAC0_BL1_BS1_CLR0_DTLA0_DTLB0_DTVA0_DTVB0_DVO0_ETSP_EPS1_ELFLR0_EMLL0_FSSC10_FL0_GLVWA1_GLVWB1_GRCGA1_GRCGB1_GRPM1_GRVW1_GSU1_GSUASB_GLS0_ISA942_IU1_K1_KLA_LBSPPA0_LBSPPB128_LPA0_LPB1_LDL1_LRVW1_LWPMn1_LDW0_FMA_MIAV1_MDA2_MO40_MMFSC_MKFGSU256_NTA0_NTB0_NTC3_NTD3_NEPBS0_NLCA1_NLCB1_ONLL1_OPLV0_PK0_PAP0_PGR2_PLR5_PKA0_SIA3_SLW1_SS1_SU0_SUM0_SUS0_SCIUI1_SPO1_SRVW0_SSO6_SVW1_SNLL0_TSGRA0_TSGRB0_TT4_32_TLDS1_UMLDSA0_UMLDSB1_U64SL1_USFGROn1_VAW1_VSn1_VW1_VWB1_VFLRP0_WSGRA0_WSGRB0_WS64_WG32_8_1_WGM6",23732,608224106058671,608224106066071,25088,0,128,128,80,256,1,1,256,2,1
"KERNEL_DISPATCH","Agent 4",1,1,2777518,51,83,"void rocsolver::v33200::getf2_npvt_small_kernel<16, double, int, int, double*>(int, double*, long, int, long, int*, int, int)",23735,608224106078212,608224106085972,0,0,4,132,48,125,1,1,125,1,1
"KERNEL_DISPATCH","Agent 4",1,1,2777518,52,202,"void rocsolver::v33200::unit_forward_substitution_kernel<double, int, double*>(int, int, double*, int, int, long, long, double*, int, int, long, long)",23738,608224106088292,608224106097372,0,0,12,4,32,16,64,1,16,128,1
"KERNEL_DISPATCH","Agent 4",1,1,2777518,53,933,"Cijk_Ailk_Bljk_DB_MT128x64x16_MI16x16x4x1_SN_1LDSB1_APM1_ABV0_ACED0_AF0EM1_AF1EM1_AMAS0_ASE_ASGT_ASLT_ASM_ASAE01_ASCE01_ASEM1_AAC0_BL1_BS1_CLR0_DTLA0_DTLB0_DTVA1_DTVB0_DVO0_ETSP_EPS1_ELFLR0_EMLL0_FSSC10_FL0_GLVWA1_GLVWB1_GRCGA1_GRCGB1_GRPM1_GRVW1_GSU1_GSUASB_GLS0_ISA942_IU1_K1_KLA_LBSPPA0_LBSPPB128_LPA0_LPB1_LDL1_LRVW1_LWPMn1_LDW0_FMA_MIAV1_MDA2_MO40_MMFSC_MKFGSU256_NTA0_NTB0_NTC3_NTD3_NEPBS0_NLCA2_NLCB1_ONLL1_OPLV0_PK0_PAP0_PGR2_PLR1_PKA0_SIA3_SLW1_SS1_SU0_SUM0_SUS0_SCIUI1_SPO1_SRVW0_SSO6_SVW1_SNLL0_TSGRA0_TSGRB0_TT2_64_TLDS1_UMLDSA0_UMLDSB1_U64SL1_USFGROn1_VAW1_VSn1_VW1_VWB1_VFLRP0_WSGRA0_WSGRB0_WS64_WG64_4_1_WGM6",23741,608224106109152,608224106116352,8704,0,40,128,80,256,1,1,256,2,1
"KERNEL_DISPATCH","Agent 4",1,1,2777518,54,83,"void rocsolver::v33200::getf2_npvt_small_kernel<16, double, int, int, double*>(int, double*, long, int, long, int*, int, int)",23744,608224106120122,608224106127762,0,0,4,132,48,109,1,1,109,1,1
"KERNEL_DISPATCH","Agent 4",1,1,2777518,55,202,"void rocsolver::v33200::unit_forward_substitution_kernel<double, int, double*>(int, int, double*, int, int, long, long, double*, int, int, long, long)",23747,608224106130802,608224106140002,0,0,12,4,32,16,64,1,16,128,1
"KERNEL_DISPATCH","Agent 4",1,1,2777518,56,1018,"Cijk_Ailk_Bljk_DB_MT64x64x16_MI16x16x4x1_SN_1LDSB1_APM1_ABV0_ACED0_AF0EM1_AF1EM1_AMAS3_ASE_ASGT_ASLT_ASM_ASAE01_ASCE01_ASEM1_AAC0_BL1_BS1_CLR0_DTLA0_DTLB0_DTVA0_DTVB0_DVO0_ETSP_EPS1_ELFLR0_EMLL0_FSSC10_FL0_GLVWA2_GLVWB2_GRCGA1_GRCGB1_GRPM1_GRVW2_GSU1_GSUASB_GLS0_ISA942_IU1_K1_KLA_LBSPPA0_LBSPPB128_LPA0_LPB4_LDL1_LRVW2_LWPMn1_LDW0_FMA_MIAV1_MDA2_MO40_MMFSC_MKFGSU256_NTA0_NTB0_NTC3_NTD3_NEPBS0_NLCA1_NLCB1_ONLL1_OPLV0_PK0_PAP0_PGR2_PLR5_PKA0_SIA3_SLW1_SS1_SU0_SUM0_SUS0_SCIUI1_SPO1_SRVW0_SSO6_SVW2_SNLL0_TSGRA0_TSGRB0_TT2_32_TLDS1_UMLDSA0_UMLDSB1_U64SL1_USFGROn1_VAW1_VSn1_VW2_VWB1_VFLRP0_WSGRA0_WSGRB0_WS64_WG32_8_1_WGM12",23750,608224106156828,608224106162188,18432,0,40,128,80,256,1,1,512,2,1
"KERNEL_DISPATCH","Agent 4",1,1,2777518,57,83,"void rocsolver::v33200::getf2_npvt_small_kernel<16, double, int, int, double*>(int, double*, long, int, long, int*, int, int)",23753,608224106165342,608224106172782,0,0,4,132,48,93,1,1,93,1,1
"KERNEL_DISPATCH","Agent 4",1,1,2777518,58,202,"void rocsolver::v33200::unit_forward_substitution_kernel<double, int, double*>(int, int, double*, int, int, long, long, double*, int, int, long, long)",23756,608224106178023,608224106187103,0,0,12,4,32,16,64,1,16,128,1
"KERNEL_DISPATCH","Agent 4",1,1,2777518,59,823,"Cijk_Ailk_Bljk_DB_MT64x64x16_MI16x16x4x1_SN_1LDSB1_APM1_ABV0_ACED0_AF0EM1_AF1EM1_AMAS0_ASE_ASGT_ASLT_ASM_ASAE01_ASCE01_ASEM1_AAC0_BL1_BS1_CLR0_DTLA0_DTLB0_DTVA1_DTVB0_DVO0_ETSP_EPS1_ELFLR0_EMLL0_FSSC10_FL0_GLVWA1_GLVWB1_GRCGA1_GRCGB1_GRPM1_GRVW1_GSU1_GSUASB_GLS0_ISA942_IU1_K1_KLA_LBSPPA0_LBSPPB128_LPA0_LPB4_LDL1_LRVW2_LWPMn1_LDW0_FMA_MIAV1_MDA2_MO40_MMFSC_MKFGSU256_NTA0_NTB0_NTC3_NTD3_NEPBS0_NLCA1_NLCB1_ONLL1_OPLV0_PK0_PAP0_PGR2_PLR5_PKA0_SIA3_SLW1_SS1_SU0_SUM0_SUS0_SCIUI1_SPO1_SRVW0_SSO6_SVW1_SNLL0_TSGRA0_TSGRB0_TT1_64_TLDS1_UMLDSA0_UMLDSB1_U64SL1_USFGROn1_VAW1_VSn1_VW1_VWB1_VFLRP0_WSGRA0_WSGRB0_WS64_WG64_4_1_WGM6",23759,608224106197423,608224106202583,10240,0,128,0,80,256,1,1,512,2,1
"KERNEL_DISPATCH","Agent 4",1,1,2777518,60,83,"void rocsolver::v33200::getf2_npvt_small_kernel<16, double, int, int, double*>(int, double*, long, int, long, int*, int, int)",23762,608224106208023,608224106215583,0,0,4,132,48,77,1,1,77,1,1
"KERNEL_DISPATCH","Agent 4",1,1,2777518,61,202,"void rocsolver::v33200::unit_forward_substitution_kernel<double, int, double*>(int, int, double*, int, int, long, long, double*, int, int, long, long)",23765,608224106219833,608224106228713,0,0,12,4,32,16,64,1,16,64,1
"KERNEL_DISPATCH","Agent 4",1,1,2777518,62,1067,"Cijk_Ailk_Bljk_DB_MT64x64x32_MI16x16x4x1_SN_1LDSB1_APM1_ABV0_ACED0_AF0EM1_AF1EM1_AMAS0_ASE_ASGT_ASLT_ASM_ASAE01_ASCE01_ASEM1_AAC0_BL1_BS1_CLR0_DTLA0_DTLB0_DTVA1_DTVB0_DVO0_ETSP_EPS1_ELFLR0_EMLL0_FSSC10_FL0_GLVWA1_GLVWB1_GRCGA1_GRCGB1_GRPM1_GRVW1_GSU1_GSUASB_GLS0_ISA942_IU1_K1_KLA_LBSPPA0_LBSPPB256_LPA0_LPB1_LDL1_LRVW1_LWPMn1_LDW0_FMA_MIAV1_MDA2_MO40_MMFSC_MKFGSU256_NTA0_NTB0_NTC3_NTD3_NEPBS0_NLCA1_NLCB1_ONLL1_OPLV0_PK0_PAP0_PGR2_PLR9_PKA0_SIA3_SLW1_SS1_SU0_SUM0_SUS0_SCIUI1_SPO1_SRVW0_SSO6_SVW1_SNLL0_TSGRA0_TSGRB0_TT1_64_TLDS1_UMLDSA0_UMLDSB1_U64SL1_USFGROn1_VAW1_VSn1_VW1_VWB1_VFLRP0_WSGRA0_WSGRB0_WS64_WG64_4_1_WGM12",23768,608224106239583,608224106244783,16896,0,40,128,80,256,1,1,256,1,1
"KERNEL_DISPATCH","Agent 4",1,1,2777518,63,83,"void rocsolver::v33200::getf2_npvt_small_kernel<16, double, int, int, double*>(int, double*, long, int, long, int*, int, int)",23771,608224106247353,608224106254713,0,0,4,132,48,61,1,1,61,1,1
"KERNEL_DISPATCH","Agent 4",1,1,2777518,64,202,"void rocsolver::v33200::unit_forward_substitution_kernel<double, int, double*>(int, int, double*, int, int, long, long, double*, int, int, long, long)",23774,608224106259713,608224106268233,0,0,12,4,32,16,64,1,16,64,1
"KERNEL_DISPATCH","Agent 4",1,1,2777518,65,927,"Cijk_Ailk_Bljk_DB_MT64x64x16_MI16x16x4x1_SN_1LDSB1_APM1_ABV0_ACED0_AF0EM1_AF1EM1_AMAS0_ASE_ASGT_ASLT_ASM_ASAE01_ASCE01_ASEM1_AAC0_BL1_BS1_CLR0_DTLA0_DTLB0_DTVA0_DTVB0_DVO0_ETSP_EPS1_ELFLR0_EMLL0_FSSC10_FL0_GLVWA1_GLVWB1_GRCGA1_GRCGB1_GRPM1_GRVW1_GSU1_GSUASB_GLS0_ISA942_IU1_K1_KLA_LBSPPA0_LBSPPB128_LPA0_LPB1_LDL1_LRVW1_LWPMn1_LDW0_FMA_MIAV1_MDA2_MO40_MMFSC_MKFGSU256_NTA0_NTB0_NTC3_NTD3_NEPBS0_NLCA1_NLCB1_ONLL1_OPLV0_PK0_PAP0_PGR2_PLR5_PKA0_SIA3_SLW1_SS1_SU0_SUM0_SUS0_SCIUI1_SPO1_SRVW0_SSO6_SVW1_SNLL0_TSGRA0_TSGRB0_TT2_32_TLDS1_UMLDSA0_UMLDSB1_U64SL1_USFGROn1_VAW1_VSn1_VW1_VWB1_VFLRP0_WSGRA0_WSGRB0_WS64_WG32_8_1_WGM6",23777,608224106281429,608224106286309,16896,0,40,128,80,256,1,1,256,1,1
"KERNEL_DISPATCH","Agent 4",1,1,2777518,66,83,"void rocsolver::v33200::getf2_npvt_small_kernel<16, double, int, int, double*>(int, double*, long, int, long, int*, int, int)",23780,608224106288334,608224106295654,0,0,4,132,48,45,1,1,45,1,1
"KERNEL_DISPATCH","Agent 4",1,1,2777518,67,202,"void rocsolver::v33200::unit_forward_substitution_kernel<double, int, double*>(int, int, double*, int, int, long, long, double*, int, int, long, long)",23783,608224106302394,608224106310114,0,0,12,4,32,16,64,1,16,64,1
"KERNEL_DISPATCH","Agent 4",1,1,2777518,68,828,"Cijk_Ailk_Bljk_DB_MT64x32x16_MI16x16x4x1_SN_1LDSB1_APM1_ABV0_ACED0_AF0EM1_AF1EM1_AMAS0_ASE_ASGT_ASLT_ASM_ASAE01_ASCE01_ASEM1_AAC0_BL1_BS1_CLR0_DTLA0_DTLB0_DTVA1_DTVB0_DVO0_ETSP_EPS1_ELFLR0_EMLL0_FSSC10_FL0_GLVWA1_GLVWB1_GRCGA1_GRCGB1_GRPM1_GRVW1_GSU1_GSUASB_GLS0_ISA942_IU1_K1_KLA_LBSPPA0_LBSPPB128_LPA0_LPB4_LDL1_LRVW2_LWPMn1_LDW0_FMA_MIAV1_MDA2_MO40_MMFSC_MKFGSU256_NTA0_NTB0_NTC3_NTD3_NEPBS4_NLCA1_NLCB1_ONLL1_OPLV0_PK0_PAP0_PGR2_PLR5_PKA0_SIA3_SLW1_SS1_SU0_SUM0_SUS0_SCIUI1_SPO1_SRVW0_SSO6_SVW1_SNLL0_TSGRA0_TSGRB0_TT1_32_TLDS1_UMLDSA0_UMLDSB1_U64SL1_USFGROn1_VAW1_VSn1_VW1_VWB1_VFLRP0_WSGRA0_WSGRB0_WS64_WG64_4_1_WGM12",23786,608224106319734,608224106323854,5120,0,64,0,80,256,1,1,256,1,1
"KERNEL_DISPATCH","Agent 4",1,1,2777518,69,83,"void rocsolver::v33200::getf2_npvt_small_kernel<16, double, int, int, double*>(int, double*, long, int, long, int*, int, int)",23789,608224106330864,608224106337664,0,0,4,132,48,29,1,1,29,1,1
"KERNEL_DISPATCH","Agent 4",1,1,2777518,70,202,"void rocsolver::v33200::unit_forward_substitution_kernel<double, int, double*>(int, int, double*, int, int, long, long, double*, int, int, long, long)",23792,608224106342164,608224106349324,0,0,12,4,32,16,64,1,16,64,1
"KERNEL_DISPATCH","Agent 4",1,1,2777518,71,828,"Cijk_Ailk_Bljk_DB_MT64x32x16_MI16x16x4x1_SN_1LDSB1_APM1_ABV0_ACED0_AF0EM1_AF1EM1_AMAS0_ASE_ASGT_ASLT_ASM_ASAE01_ASCE01_ASEM1_AAC0_BL1_BS1_CLR0_DTLA0_DTLB0_DTVA1_DTVB0_DVO0_ETSP_EPS1_ELFLR0_EMLL0_FSSC10_FL0_GLVWA1_GLVWB1_GRCGA1_GRCGB1_GRPM1_GRVW1_GSU1_GSUASB_GLS0_ISA942_IU1_K1_KLA_LBSPPA0_LBSPPB128_LPA0_LPB4_LDL1_LRVW2_LWPMn1_LDW0_FMA_MIAV1_MDA2_MO40_MMFSC_MKFGSU256_NTA0_NTB0_NTC3_NTD3_NEPBS4_NLCA1_NLCB1_ONLL1_OPLV0_PK0_PAP0_PGR2_PLR5_PKA0_SIA3_SLW1_SS1_SU0_SUM0_SUS0_SCIUI1_SPO1_SRVW0_SSO6_SVW1_SNLL0_TSGRA0_TSGRB0_TT1_32_TLDS1_UMLDSA0_UMLDSB1_U64SL1_USFGROn1_VAW1_VSn1_VW1_VWB1_VFLRP0_WSGRA0_WSGRB0_WS64_WG64_4_1_WGM12",23795,608224106359064,608224106363384,5120,0,64,0,80,256,1,1,256,1,1
"KERNEL_DISPATCH","Agent 4",1,1,2777518,72,136,"void rocsolver::v33200::getf2_npvt_small_kernel<13, double, int, int, double*>(int, double*, long, int, long, int*, int, int)",23798,608224106368034,608224106374434,0,0,92,4,48,13,1,1,13,1,1
"KERNEL_DISPATCH","Agent 4",1,1,2777518,73,23,"void rocsolver::v33200::iota_n<double>(double*, unsigned int, double)",23805,608224106439790,608224106441550,0,0,4,4,16,32,1,1,32,1,1
"KERNEL_DISPATCH","Agent 4",1,1,2777518,74,44,"void rocsolver::v33200::reset_info<int, int, int>(int*, int, int, int)",23808,608224106456870,608224106458630,0,0,4,4,16,256,1,1,256,1,1
"KERNEL_DISPATCH","Agent 4",1,1,2777518,75,83,"void rocsolver::v33200::getf2_npvt_small_kernel<16, double, int, int, double*>(int, double*, long, int, long, int*, int, int)",23811,608224106708767,608224106716487,0,0,4,132,48,189,1,1,189,1,1
"KERNEL_DISPATCH","Agent 4",1,1,2777518,76,202,"void rocsolver::v33200::unit_forward_substitution_kernel<double, int, double*>(int, int, double*, int, int, long, long, double*, int, int, long, long)",23814,608224106715737,608224106723137,0,0,12,4,32,16,64,1,16,192,1
"KERNEL_DISPATCH","Agent 4",1,1,2777518,77,861,"Cijk_Ailk_Bljk_DB_MT128x64x16_MI16x16x4x1_SN_1LDSB1_APM1_ABV0_ACED0_AF0EM1_AF1EM1_AMAS0_ASE_ASGT_ASLT_ASM_ASAE01_ASCE01_ASEM1_AAC0_BL1_BS1_CLR0_DTLA0_DTLB0_DTVA0_DTVB0_DVO0_ETSP_EPS1_ELFLR0_EMLL0_FSSC10_FL0_GLVWA1_GLVWB1_GRCGA1_GRCGB1_GRPM1_GRVW1_GSU1_GSUASB_GLS0_ISA942_IU1_K1_KLA_LBSPPA0_LBSPPB128_LPA0_LPB1_LDL1_LRVW1_LWPMn1_LDW0_FMA_MIAV1_MDA2_MO40_MMFSC_MKFGSU256_NTA0_NTB0_NTC3_NTD3_NEPBS0_NLCA1_NLCB1_ONLL1_OPLV0_PK0_PAP0_PGR2_PLR5_PKA0_SIA3_SLW1_SS1_SU0_SUM0_SUS0_SCIUI1_SPO1_SRVW0_SSO6_SVW1_SNLL0_TSGRA0_TSGRB0_TT4_32_TLDS1_UMLDSA0_UMLDSB1_U64SL1_USFGROn1_VAW1_VSn1_VW1_VWB1_VFLRP0_WSGRA0_WSGRB0_WS64_WG32_8_1_WGM12",23817,608224106738528,608224106745608,25088,0,128,128,80,256,1,1,512,3,1
"KERNEL_DISPATCH","Agent 4",1,1,2777518,78,83,"void rocsolver::v33200::getf2_npvt_small_kernel<16, double, int, int, double*>(int, double*, long, int, long, int*, int, int)",23820,608224106748038,608224106755678,0,0,4,132,48,173,1,1,173,1,1
"KERNEL_DISPATCH","Agent 4",1,1,2777518,79,202,"void rocsolver::v33200::unit_forward_substitution_kernel<double, int, double*>(int, int, double*, int, int, long, long, double*, int, int, long, long)",23823,608224106760728,608224106769768,0,0,12,4,32,16,64,1,16,192,1
"KERNEL_DISPATCH","Agent 4",1,1,2777518,80,818,"Cijk_Ailk_Bljk_DB_MT128x64x16_MI16x16x4x1_SN_1LDSB1_APM1_ABV0_ACED0_AF0EM1_AF1EM1_AMAS0_ASE_ASGT_ASLT_ASM_ASAE01_ASCE01_ASEM1_AAC0_BL1_BS1_CLR0_DTLA0_DTLB0_DTVA0_DTVB0_DVO0_ETSP_EPS1_ELFLR0_EMLL0_FSSC10_FL0_GLVWA1_GLVWB1_GRCGA1_GRCGB1_GRPM1_GRVW1_GSU1_GSUASB_GLS0_ISA942_IU1_K1_KLA_LBSPPA0_LBSPPB128_LPA0_LPB1_LDL1_LRVW1_LWPMn1_LDW0_FMA_MIAV1_MDA2_MO40_MMFSC_MKFGSU256_NTA0_NTB0_NTC3_NTD3_NEPBS0_NLCA1_NLCB1_ONLL1_OPLV0_PK0_PAP0_PGR2_PLR5_PKA0_SIA3_SLW1_SS1_SU0_SUM0_SUS0_SCIUI1_SPO1_SRVW0_SSO6_SVW1_SNLL0_TSGRA0_TSGRB0_TT4_32_TLDS1_UMLDSA0_UMLDSB1_U64SL1_USFGROn1_VAW1_VSn1_VW1_VWB1_VFLRP0_WSGRA0_WSGRB0_WS64_WG32_8_1_WGM6",23826,608224106776798,608224106782958,25088,0,128,128,80,256,1,1,512,3,1
"KERNEL_DISPATCH","Agent 4",1,1,2777518,81,83,"void rocsolver::v33200::getf2_npvt_small_kernel<16, double, int, int, double*>(int, double*, long, int, long, int*, int, int)",23829,608224106788548,608224106796268,0,0,4,132,48,157,1,1,157,1,1
"KERNEL_DISPATCH","Agent 4",1,1,2777518,82,202,"void rocsolver::v33200::unit_forward_substitution_kernel<double, int, double*>(int, int, double*, int, int, long, long, double*, int, int, long, long)",23832,608224106810208,608224106819448,0,0,12,4,32,16,64,1,16,192,1
"KERNEL_DISPATCH","Agent 4",1,1,2777518,83,818,"Cijk_Ailk_Bljk_DB_MT128x64x16_MI16x16x4x1_SN_1LDSB1_APM1_ABV0_ACED0_AF0EM1_AF1EM1_AMAS0_ASE_ASGT_ASLT_ASM_ASAE01_ASCE01_ASEM1_AAC0_BL1_BS1_CLR0_DTLA0_DTLB0_DTVA0_DTVB0_DVO0_ETSP_EPS1_ELFLR0_EMLL0_FSSC10_FL0_GLVWA1_GLVWB1_GRCGA1_GRCGB1_GRPM1_GRVW1_GSU1_GSUASB_GLS0_ISA942_IU1_K1_KLA_LBSPPA0_LBSPPB128_LPA0_LPB1_LDL1_LRVW1_LWPMn1_LDW0_FMA_MIAV1_MDA2_MO40_MMFSC_MKFGSU256_NTA0_NTB0_NTC3_NTD3_NEPBS0_NLCA1_NLCB1_ONLL1_OPLV0_PK0_PAP0_PGR2_PLR5_PKA0_SIA3_SLW1_SS1_SU0_SUM0_SUS0_SCIUI1_SPO1_SRVW0_SSO6_SVW1_SNLL0_TSGRA0_TSGRB0_TT4_32_TLDS1_UMLDSA0_UMLDSB1_U64SL1_USFGROn1_VAW1_VSn1_VW1_VWB1_VFLRP0_WSGRA0_WSGRB0_WS64_WG32_8_1_WGM6",23835,608224106826018,608224106832458,25088,0,128,128,80,256,1,1,512,3,1
"KERNEL_DISPATCH","Agent 4",1,1,2777518,84,83,"void rocsolver::v33200::getf2_npvt_small_kernel<16, double, int, int, double*>(int, double*, long, int, long, int*, int, int)",23838,608224106839139,608224106846859,0,0,4,132,48,141,1,1,141,1,1
"KERNEL_DISPATCH","Agent 4",1,1,2777518,85,202,"void rocsolver::v33200::unit_forward_substitution_kernel<double, int, double*>(int, int, double*, int, int, long, long, double*, int, int, long, long)",23841,608224106850309,608224106859389,0,0,12,4,32,16,64,1,16,128,1
"KERNEL_DISPATCH","Agent 4",1,1,2777518,86,818,"Cijk_Ailk_Bljk_DB_MT128x64x16_MI16x16x4x1_SN_1LDSB1_APM1_ABV0_ACED0_AF0EM1_AF1EM1_AMAS0_ASE_ASGT_ASLT_ASM_ASAE01_ASCE01_ASEM1_AAC0_BL1_BS1_CLR0_DTLA0_DTLB0_DTVA0_DTVB0_DVO0_ETSP_EPS1_ELFLR0_EMLL0_FSSC10_FL0_GLVWA1_GLVWB1_GRCGA1_GRCGB1_GRPM1_GRVW1_GSU1_GSUASB_GLS0_ISA942_IU1_K1_KLA_LBSPPA0_LBSPPB128_LPA0_LPB1_LDL1_LRVW1_LWPMn1_LDW0_FMA_MIAV1_MDA2_MO40_MMFSC_MKFGSU256_NTA0_NTB0_NTC3_NTD3_NEPBS0_NLCA1_NLCB1_ONLL1_OPLV0_PK0_PAP0_PGR2_PLR5_PKA0_SIA3_SLW1_SS1_SU0_SUM0_SUS0_SCIUI1_SPO1_SRVW0_SSO6_SVW1_SNLL0_TSGRA0_TSGRB0_TT4_32_TLDS1_UMLDSA0_UMLDSB1_U64SL1_USFGROn1_VAW1_VSn1_VW1_VWB1_VFLRP0_WSGRA0_WSGRB0_WS64_WG32_8_1_WGM6",23844,608224106869079,608224106875079,25088,0,128,128,80,256,1,1,256,2,1
"KERNEL_DISPATCH","Agent 4",1,1,2777518,87,83,"void rocsolver::v33200::getf2_npvt_small_kernel<16, double, int, int, double*>(int, double*, long, int, long, int*, int, int)",23847,608224106880994,608224106888514,0,0,4,132,48,125,1,1,125,1,1
"KERNEL_DISPATCH","Agent 4",1,1,2777518,88,202,"void rocsolver::v33200::unit_forward_substitution_kernel<double, int, double*>(int, int, double*, int, int, long, long, double*, int, int, long, long)",23850,608224106892779,608224106901739,0,0,12,4,32,16,64,1,16,128,1
"KERNEL_DISPATCH","Agent 4",1,1,2777518,89,933,"Cijk_Ailk_Bljk_DB_MT128x64x16_MI16x16x4x1_SN_1LDSB1_APM1_ABV0_ACED0_AF0EM1_AF1EM1_AMAS0_ASE_ASGT_ASLT_ASM_ASAE01_ASCE01_ASEM1_AAC0_BL1_BS1_CLR0_DTLA0_DTLB0_DTVA1_DTVB0_DVO0_ETSP_EPS1_ELFLR0_EMLL0_FSSC10_FL0_GLVWA1_GLVWB1_GRCGA1_GRCGB1_GRPM1_GRVW1_GSU1_GSUASB_GLS0_ISA942_IU1_K1_KLA_LBSPPA0_LBSPPB128_LPA0_LPB1_LDL1_LRVW1_LWPMn1_LDW0_FMA_MIAV1_MDA2_MO40_MMFSC_MKFGSU256_NTA0_NTB0_NTC3_NTD3_NEPBS0_NLCA2_NLCB1_ONLL1_OPLV0_PK0_PAP0_PGR2_PLR1_PKA0_SIA3_SLW1_SS1_SU0_SUM0_SUS0_SCIUI1_SPO1_SRVW0_SSO6_SVW1_SNLL0_TSGRA0_TSGRB0_TT2_64_TLDS1_UMLDSA0_UMLDSB1_U64SL1_USFGROn1_VAW1_VSn1_VW1_VWB1_VFLRP0_WSGRA0_WSGRB0_WS64_WG64_4_1_WGM6",23853,608224106912159,608224106918679,8704,0,40,128,80,256,1,1,256,2,1
"KERNEL_DISPATCH","Agent 4",1,1,2777518,90,83,"void rocsolver::v33200::getf2_npvt_small_kernel<16, double, int, int, double*>(int, double*, long, int, long, int*, int, int)",23856,608224106923754,608224106930834,0,0,4,132,48,109,1,1,109,1,1
"KERNEL_DISPATCH","Agent 4",1,1,2777518,91,202,"void rocsolver::v33200::unit_forward_substitution_kernel<double, int, double*>(int, int, double*, int, int, long, long, double*, int, int, long, long)",23859,608224106934919,608224106943879,0,0,12,4,32,16,64,1,16,128,1
"KERNEL_DISPATCH","Agent 4",1,1,2777518,92,1018,"Cijk_Ailk_Bljk_DB_MT64x64x16_MI16x16x4x1_SN_1LDSB1_APM1_ABV0_ACED0_AF0EM1_AF1EM1_AMAS3_ASE_ASGT_ASLT_ASM_ASAE01_ASCE01_ASEM1_AAC0_BL1_BS1_CLR0_DTLA0_DTLB0_DTVA0_DTVB0_DVO0_ETSP_EPS1_ELFLR0_EMLL0_FSSC10_FL0_GLVWA2_GLVWB2_GRCGA1_GRCGB1_GRPM1_GRVW2_GSU1_GSUASB_GLS0_ISA942_IU1_K1_KLA_LBSPPA0_LBSPPB128_LPA0_LPB4_LDL1_LRVW2_LWPMn1_LDW0_FMA_MIAV1_MDA2_MO40_MMFSC_MKFGSU256_NTA0_NTB0_NTC3_NTD3_NEPBS0_NLCA1_NLCB1_ONLL1_OPLV0_PK0_PAP0_PGR2_PLR5_PKA0_SIA3_SLW1_SS1_SU0_SUM0_SUS0_SCIUI1_SPO1_SRVW0_SSO6_SVW2_SNLL0_TSGRA0_TSGRB0_TT2_32_TLDS1_UMLDSA0_UMLDSB1_U64SL1_USFGROn1_VAW1_VSn1_VW2_VWB1_VFLRP0_WSGRA0_WSGRB0_WS64_WG32_8_1_WGM12",23862,608224106954590,608224106959710,18432,0,40,128,80,256,1,1,512,2,1
"KERNEL_DISPATCH","Agent 4",1,1,2777518,93,83,"void rocsolver::v33200::getf2_npvt_small_kernel<16, double, int, int, double*>(int, double*, long, int, long, int*, int, int)",23865,608224106963190,608224106970830,0,0,4,132,48,93,1,1,93,1,1
"KERNEL_DISPATCH","Agent 4",1,1,2777518,94,202,"void rocsolver::v33200::unit_forward_substitution_kernel<double, int, double*>(int, int, double*, int, int, long, long, double*, int, int, long, long)",23868,608224106974980,608224106983580,0,0,12,4,32,16,64,1,16,128,1
"KERNEL_DISPATCH","Agent 4",1,1,2777518,95,823,"Cijk_Ailk_Bljk_DB_MT64x64x16_MI16x16x4x1_SN_1LDSB1_APM1_ABV0_ACED0_AF0EM1_AF1EM1_AMAS0_ASE_ASGT_ASLT_ASM_ASAE01_ASCE01_ASEM1_AAC0_BL1_BS1_CLR0_DTLA0_DTLB0_DTVA1_DTVB0_DVO0_ETSP_EPS1_ELFLR0_EMLL0_FSSC10_FL0_GLVWA1_GLVWB1_GRCGA1_GRCGB1_GRPM1_GRVW1_GSU1_GSUASB_GLS0_ISA942_IU1_K1_KLA_LBSPPA0_LBSPPB128_LPA0_LPB4_LDL1_LRVW2_LWPMn1_LDW0_FMA_MIAV1_MDA2_MO40_MMFSC_MKFGSU256_NTA0_NTB0_NTC3_NTD3_NEPBS0_NLCA1_NLCB1_ONLL1_OPLV0_PK0_PAP0_PGR2_PLR5_PKA0_SIA3_SLW1_SS1_SU0_SUM0_SUS0_SCIUI1_SPO1_SRVW0_SSO6_SVW1_SNLL0_TSGRA0_TSGRB0_TT1_64_TLDS1_UMLDSA0_UMLDSB1_U64SL1_USFGROn1_VAW1_VSn1_VW1_VWB1_VFLRP0_WSGRA0_WSGRB0_WS64_WG64_4_1_WGM6",23871,608224106996675,608224107001475,10240,0,128,0,80,256,1,1,512,2,1
"KERNEL_DISPATCH","Agent 4",1,1,2777518,96,83,"void rocsolver::v33200::getf2_npvt_small_kernel<16, double, int, int, double*>(int, double*, long, int, long, int*, int, int)",23874,608224107012475,608224107020035,0,0,4,132,48,77,1,1,77,1,1
"KERNEL_DISPATCH","Agent 4",1,1,2777518,97,202,"void rocsolver::v33200::unit_forward_substitution_kernel<double, int, double*>(int, int, double*, int, int, long, long, double*, int, int, long, long)",23877,608224107023630,608224107032910,0,0,12,4,32,16,64,1,16,64,1
"KERNEL_DISPATCH","Agent 4",1,1,2777518,98,1067,"Cijk_Ailk_Bljk_DB_MT64x64x32_MI16x16x4x1_SN_1LDSB1_APM1_ABV0_ACED0_AF0EM1_AF1EM1_AMAS0_ASE_ASGT_ASLT_ASM_ASAE01_ASCE01_ASEM1_AAC0_BL1_BS1_CLR0_DTLA0_DTLB0_DTVA1_DTVB0_DVO0_ETSP_EPS1_ELFLR0_EMLL0_FSSC10_FL0_GLVWA1_GLVWB1_GRCGA1_GRCGB1_GRPM1_GRVW1_GSU1_GSUASB_GLS0_ISA942_IU1_K1_KLA_LBSPPA0_LBSPPB256_LPA0_LPB1_LDL1_LRVW1_LWPMn1_LDW0_FMA_MIAV1_MDA2_MO40_MMFSC_MKFGSU256_NTA0_NTB0_NTC3_NTD3_NEPBS0_NLCA1_NLCB1_ONLL1_OPLV0_PK0_PAP0_PGR2_PLR9_PKA0_SIA3_SLW1_SS1_SU0_SUM0_SUS0_SCIUI1_SPO1_SRVW0_SSO6_SVW1_SNLL0_TSGRA0_TSGRB0_TT1_64_TLDS1_UMLDSA0_UMLDSB1_U64SL1_USFGROn1_VAW1_VSn1_VW1_VWB1_VFLRP0_WSGRA0_WSGRB0_WS64_WG64_4_1_WGM12",23880,608224107046080,608224107050560,16896,0,40,128,80,256,1,1,256,1,1
"KERNEL_DISPATCH","Agent 4",1,1,2777518,99,83,"void rocsolver::v33200::getf2_npvt_small_kernel<16, double, int, int, double*>(int, double*, long, int, long, int*, int, int)",23883,608224107055771,608224107063051,0,0,4,132,48,61,1,1,61,1,1
"KERNEL_DISPATCH","Agent 4",1,1,2777518,100,202,"void rocsolver::v33200::unit_forward_substitution_kernel<double, int, double*>(int, int, double*, int, int, long, long, double*, int, int, long, long)",23886,608224107069421,608224107077901,0,0,12,4,32,16,64,1,16,64,1
"KERNEL_DISPATCH","Agent 4",1,1,2777518,101,927,"Cijk_Ailk_Bljk_DB_MT64x64x16_MI16x16x4x1_SN_1LDSB1_APM1_ABV0_ACED0_AF0EM1_AF1EM1_AMAS0_ASE_ASGT_ASLT_ASM_ASAE01_ASCE01_ASEM1_AAC0_BL1_BS1_CLR0_DTLA0_DTLB0_DTVA0_DTVB0_DVO0_ETSP_EPS1_ELFLR0_EMLL0_FSSC10_FL0_GLVWA1_GLVWB1_GRCGA1_GRCGB1_GRPM1_GRVW1_GSU1_GSUASB_GLS0_ISA942_IU1_K1_KLA_LBSPPA0_LBSPPB128_LPA0_LPB1_LDL1_LRVW1_LWPMn1_LDW0_FMA_MIAV1_MDA2_MO40_MMFSC_MKFGSU256_NTA0_NTB0_NTC3_NTD3_NEPBS0_NLCA1_NLCB1_ONLL1_OPLV0_PK0_PAP0_PGR2_PLR5_PKA0_SIA3_SLW1_SS1_SU0_SUM0_SUS0_SCIUI1_SPO1_SRVW0_SSO6_SVW1_SNLL0_TSGRA0_TSGRB0_TT2_32_TLDS1_UMLDSA0_UMLDSB1_U64SL1_USFGROn1_VAW1_VSn1_VW1_VWB1_VFLRP0_WSGRA0_WSGRB0_WS64_WG32_8_1_WGM6",23889,608224107084641,608224107089641,16896,0,40,128,80,256,1,1,256,1,1
"KERNEL_DISPATCH","Agent 4",1,1,2777518,102,83,"void rocsolver::v33200::getf2_npvt_small_kernel<16, double, int, int, double*>(int, double*, long, int, long, int*, int, int)",23892,608224107098281,608224107104961,0,0,4,132,48,45,1,1,45,1,1
"KERNEL_DISPATCH","Agent 4",1,1,2777518,103,202,"void rocsolver::v33200::unit_forward_substitution_kernel<double, int, double*>(int, int, double*, int, int, long, long, double*, int, int, long, long)",23895,608224107109761,608224107117481,0,0,12,4,32,16,64,1,16,64,1
"KERNEL_DISPATCH","Agent 4",1,1,2777518,104,828,"Cijk_Ailk_Bljk_DB_MT64x32x16_MI16x16x4x1_SN_1LDSB1_APM1_ABV0_ACED0_AF0EM1_AF1EM1_AMAS0_ASE_ASGT_ASLT_ASM_ASAE01_ASCE01_ASEM1_AAC0_BL1_BS1_CLR0_DTLA0_DTLB0_DTVA1_DTVB0_DVO0_ETSP_EPS1_ELFLR0_EMLL0_FSSC10_FL0_GLVWA1_GLVWB1_GRCGA1_GRCGB1_GRPM1_GRVW1_GSU1_GSUASB_GLS0_ISA942_IU1_K1_KLA_LBSPPA0_LBSPPB128_LPA0_LPB4_LDL1_LRVW2_LWPMn1_LDW0_FMA_MIAV1_MDA2_MO40_MMFSC_MKFGSU256_NTA0_NTB0_NTC3_NTD3_NEPBS4_NLCA1_NLCB1_ONLL1_OPLV0_PK0_PAP0_PGR2_PLR5_PKA0_SIA3_SLW1_SS1_SU0_SUM0_SUS0_SCIUI1_SPO1_SRVW0_SSO6_SVW1_SNLL0_TSGRA0_TSGRB0_TT1_32_TLDS1_UMLDSA0_UMLDSB1_U64SL1_USFGROn1_VAW1_VSn1_VW1_VWB1_VFLRP0_WSGRA0_WSGRB0_WS64_WG64_4_1_WGM12",23898,608224107128481,608224107133081,5120,0,64,0,80,256,1,1,256,1,1
"KERNEL_DISPATCH","Agent 4",1,1,2777518,105,83,"void rocsolver::v33200::getf2_npvt_small_kernel<16, double, int, int, double*>(int, double*, long, int, long, int*, int, int)",23901,608224107138921,608224107146201,0,0,4,132,48,29,1,1,29,1,1
"KERNEL_DISPATCH","Agent 4",1,1,2777518,106,202,"void rocsolver::v33200::unit_forward_substitution_kernel<double, int, double*>(int, int, double*, int, int, long, long, double*, int, int, long, long)",23904,608224107150221,608224107156821,0,0,12,4,32,16,64,1,16,64,1
"KERNEL_DISPATCH","Agent 4",1,1,2777518,107,828,"Cijk_Ailk_Bljk_DB_MT64x32x16_MI16x16x4x1_SN_1LDSB1_APM1_ABV0_ACED0_AF0EM1_AF1EM1_AMAS0_ASE_ASGT_ASLT_ASM_ASAE01_ASCE01_ASEM1_AAC0_BL1_BS1_CLR0_DTLA0_DTLB0_DTVA1_DTVB0_DVO0_ETSP_EPS1_ELFLR0_EMLL0_FSSC10_FL0_GLVWA1_GLVWB1_GRCGA1_GRCGB1_GRPM1_GRVW1_GSU1_GSUASB_GLS0_ISA942_IU1_K1_KLA_LBSPPA0_LBSPPB128_LPA0_LPB4_LDL1_LRVW2_LWPMn1_LDW0_FMA_MIAV1_MDA2_MO40_MMFSC_MKFGSU256_NTA0_NTB0_NTC3_NTD3_NEPBS4_NLCA1_NLCB1_ONLL1_OPLV0_PK0_PAP0_PGR2_PLR5_PKA0_SIA3_SLW1_SS1_SU0_SUM0_SUS0_SCIUI1_SPO1_SRVW0_SSO6_SVW1_SNLL0_TSGRA0_TSGRB0_TT1_32_TLDS1_UMLDSA0_UMLDSB1_U64SL1_USFGROn1_VAW1_VSn1_VW1_VWB1_VFLRP0_WSGRA0_WSGRB0_WS64_WG64_4_1_WGM12",23907,608224107165721,608224107169441,5120,0,64,0,80,256,1,1,256,1,1
"KERNEL_DISPATCH","Agent 4",1,1,2777518,108,136,"void rocsolver::v33200::getf2_npvt_small_kernel<13, double, int, int, double*>(int, double*, long, int, long, int*, int, int)",23910,608224107177476,608224107183316,0,0,92,4,48,13,1,1,13,1,1
