"Domain","Function","Process_Id","Thread_Id","Correlation_Id","Start_Timestamp","End_Timestamp"
"MARKER_CONTROL_API","roctxProfilerPause",2777518,2777518,23576,608223535586059,608223535586499
"MARKER_CONTROL_API","roctxProfilerResume",2777518,2777518,23577,608224105119453,608224105125063
"MARKER_CORE_RANGE_API","GETRF|backend=rocsolver|call_id=0|n=189|lda=837",2777518,2777518,23578,608224105156794,608224105781199
"MARKER_CONTROL_API","roctxProfilerPause",2777518,2777518,23688,608224105785939,608224105786269
"MARKER_CONTROL_API","roctxProfilerResume",2777518,2777518,23689,608224105816439,608224105816939
"MARKER_CORE_RANGE_API","GETRF|backend=rocsolver|call_id=1|n=189|lda=837",2777518,2777518,23690,608224105818899,608224106381214
"MARKER_CONTROL_API","roctxProfilerPause",2777518,2777518,23800,608224106382984,608224106383064
"MARKER_CONTROL_API","roctxProfilerResume",2777518,2777518,23801,608224106407915,608224106408305
"MARKER_CORE_RANGE_API","GETRF|backend=rocsolver|call_id=2|n=189|lda=837",2777518,2777518,23802,608224106409445,608224107189382
"MARKER_CONTROL_API","roctxProfilerPause",2777518,2777518,23912,608224107191592,608224107191712
