"Name","Calls","TotalDurationNs","AverageNs","Percentage","MinNs","MaxNs","StdDev"
"hipLaunchKernel",551,6641057,12052.735027,38.93,3175,116679,14528.547723
"hipExtModuleLaunchKernel",443,5062932,11428.740406,29.68,4597,127165,11962.883968
"__hipRegisterFunction",22793,4987976,218.838064,29.24,100,286950,2042.988497
"hipGetDevicePropertiesR0600",691,123279,178.406657,0.7226,140,1983,138.004299
"__hipRegisterFatBinary",302,90409,299.367550,0.5300,50,26270,1532.645909
"hipGetDevice",691,49007,70.921852,0.2873,50,842,60.031438
"__hipPopCallConfiguration",551,42536,77.197822,0.2493,60,992,39.480293
"__hipPushCallConfiguration",551,42102,76.410163,0.2468,60,982,39.194232
"hipStreamSynchronize",1,14131,14131.000000,0.0828,14131,14131,0.00000000e+00
"hipPeekAtLastError",90,6417,71.300000,0.0376,40,260,31.440134
