iparm_verbose,PastixVerboseNo
iparm_io_strategy,PastixIONo
iparm_nnzeros,0
iparm_nnzeros_block_local,0
iparm_allocated_terms,0
iparm_produce_stats,0
iparm_trace,PastixTraceNot
iparm_mc64,0
iparm_ordering,PastixOrderMetis
iparm_ordering_default,1
iparm_metis_ctype,1
iparm_metis_rtype,3
iparm_metis_no2hop,0
iparm_metis_nseps,1
iparm_metis_niter,10
iparm_metis_ufactor,200
iparm_metis_compress,1
iparm_metis_ccorder,0
iparm_metis_pfactor,0
iparm_metis_seed,3452
iparm_metis_dbglvl,0
iparm_amalgamation_lvlblas,5
iparm_amalgamation_lvlcblk,5
iparm_reordering_split,0
iparm_reordering_stop,2147483647
iparm_min_blocksize,160
iparm_max_blocksize,320
iparm_tasks2d_level,0
iparm_tasks2d_width,160
iparm_allcand,0
iparm_incomplete,0
iparm_level_of_fill,0
iparm_factorization,PastixFactLU
iparm_facto_look_side,PastixFactRightLooking
iparm_static_pivoting,0
iparm_free_cscuser,0
iparm_transpose_solve,PastixNoTrans
iparm_applyperm_ws,1
iparm_refinement,PastixRefineGMRES
iparm_nbiter,0
iparm_itermax,250
iparm_gmres_im,25
iparm_scheduler,PastixSchedStatic
iparm_thread_nbr,2
iparm_socket_nbr,1
iparm_autosplit_comm,0
iparm_gpu_nbr,1
iparm_gpu_memory_percentage,95
iparm_gpu_memory_block_size,32768
iparm_global_allocation,0
iparm_gpu_update_strategy,1
iparm_mixed,0
iparm_mixed_compute_type,-1
iparm_upcast,0
iparm_ftz,0
iparm_mpi_thread_level,PastixMpiNone
iparm_modify_parameter,1
iparm_start_task,PastixTaskOrdering
iparm_end_task,PastixTaskClean
iparm_float,Bad coeftype given
iparm_mtx_type,-1
iparm_dof_nbr,1
dparm_fill_in,0.000000e+00
dparm_epsilon_refinement,-1.000000e+00
dparm_relative_error,-1.000000e+00
dparm_epsilon_magn_ctrl,0.000000e+00
dparm_order_time,0.000000e+00
dparm_symbfact_time,0.000000e+00
dparm_reorder_time,0.000000e+00
dparm_blend_time,0.000000e+00
dparm_analyze_time,0.000000e+00
dparm_pred_fact_time,0.000000e+00
dparm_fact_time,0.000000e+00
dparm_fact_flops,0.000000e+00
dparm_fact_thflops,0.000000e+00
dparm_fact_rlflops,0.000000e+00
dparm_fact_energy,0.000000e+00
dparm_mem_fr,0.000000e+00
dparm_solv_time,0.000000e+00
dparm_solv_flops,0.000000e+00
dparm_solv_thflops,0.000000e+00
dparm_solv_rlflops,0.000000e+00
dparm_solv_energy,0.000000e+00
dparm_refine_time,0.000000e+00
dparm_a_norm,-1.000000e+00
